random_id,rt,phase,correct,response,accuracy,miss_rate,incorrect_answers,false_alarms,missed_answers
pztcfa1tggb,47180.0,,,0,,,,,
pztcfa1tggb,46719.0,,,"{""baseline-age"":18,""baseline-race"":[""White""],""baseline-listen-frequency"":""Sometimes"",""baseline-listening-device"":""Earbuds"",""baseline-music-type"":[""Classical"",""Jazz"",""Nature Sounds / White Noise""],""baseline-study-hours"":""6-7"",""baseline-study-location"":[""Home"",""Library""],""baseline-study-motivation"":3}",,,,,
pztcfa1tggb,9242.0,,,0,,,,,
pztcfa1tggb,2466.0,math_distractor_upbeat_instrumental,True,1,,,,,
pztcfa1tggb,1624.0,math_distractor_upbeat_instrumental,True,0,,,,,
pztcfa1tggb,1388.0,math_distractor_upbeat_instrumental,True,1,,,,,
pztcfa1tggb,2410.0,math_distractor_upbeat_instrumental,True,1,,,,,
pztcfa1tggb,1672.0,math_distractor_upbeat_instrumental,True,0,,,,,
pztcfa1tggb,4070.0,ooo_distractor_upbeat_instrumental,False,0,,,,,
pztcfa1tggb,2817.0,ooo_distractor_upbeat_instrumental,True,1,,,,,
pztcfa1tggb,9043.0,ooo_distractor_upbeat_instrumental,False,0,,,,,
pztcfa1tggb,3831.0,ooo_distractor_upbeat_instrumental,True,1,,,,,
pztcfa1tggb,2715.0,ooo_distractor_upbeat_instrumental,True,0,,,,,
pztcfa1tggb,11461.0,recall_upbeat_instrumental,,"{""selected_answers"":[""whistle"",""basket"",""planet"",""canvas"",""notebook"",""saddle"",""tower""]}",0.7,0.3,[],0.0,"[""avenue"",""riverbank"",""glacier""]"
pztcfa1tggb,3557.0,,,0,,,,,
pztcfa1tggb,3128.0,math_distractor_silence,True,3,,,,,
pztcfa1tggb,1558.0,math_distractor_silence,True,3,,,,,
pztcfa1tggb,2098.0,math_distractor_silence,True,2,,,,,
pztcfa1tggb,1821.0,math_distractor_silence,False,2,,,,,
pztcfa1tggb,1319.0,math_distractor_silence,True,3,,,,,
pztcfa1tggb,1692.0,ooo_distractor_silence,False,2,,,,,
pztcfa1tggb,1437.0,ooo_distractor_silence,True,3,,,,,
pztcfa1tggb,1214.0,ooo_distractor_silence,True,3,,,,,
pztcfa1tggb,3261.0,ooo_distractor_silence,True,2,,,,,
pztcfa1tggb,1889.0,ooo_distractor_silence,True,2,,,,,
pztcfa1tggb,10260.0,recall_silence,,"{""selected_answers"":[""apple"",""bridge"",""table"",""pathway"",""house"",""sun"",""pencil"",""chair"",""flower"",""stone""]}",1.0,0.0,[],0.0,[]
pztcfa1tggb,1234.0,,,0,,,,,
pztcfa1tggb,1815.0,math_distractor_instrumental,True,2,,,,,
pztcfa1tggb,1157.0,math_distractor_instrumental,True,3,,,,,
pztcfa1tggb,1297.0,math_distractor_instrumental,True,3,,,,,
pztcfa1tggb,3733.0,math_distractor_instrumental,True,1,,,,,
pztcfa1tggb,5082.0,math_distractor_instrumental,True,2,,,,,
pztcfa1tggb,1356.0,ooo_distractor_instrumental,True,3,,,,,
pztcfa1tggb,1327.0,ooo_distractor_instrumental,False,2,,,,,
pztcfa1tggb,2868.0,ooo_distractor_instrumental,True,1,,,,,
pztcfa1tggb,1867.0,ooo_distractor_instrumental,True,0,,,,,
pztcfa1tggb,1962.0,ooo_distractor_instrumental,True,3,,,,,
pztcfa1tggb,15579.0,recall_instrumental,,"{""selected_answers"":[""door"",""window"",""horizon"",""desert"",""train"",""keyboard"",""cup""]}",0.7,0.3,[],0.0,"[""ceiling"",""tree"",""guitar""]"
pztcfa1tggb,5402.0,,,0,,,,,
pztcfa1tggb,1168.0,math_distractor_lyrical,True,2,,,,,
pztcfa1tggb,5780.0,math_distractor_lyrical,True,2,,,,,
pztcfa1tggb,1986.0,math_distractor_lyrical,False,2,,,,,
pztcfa1tggb,3153.0,math_distractor_lyrical,True,2,,,,,
pztcfa1tggb,1955.0,math_distractor_lyrical,True,2,,,,,
pztcfa1tggb,1509.0,ooo_distractor_lyrical,True,0,,,,,
pztcfa1tggb,1690.0,ooo_distractor_lyrical,True,0,,,,,
pztcfa1tggb,1955.0,ooo_distractor_lyrical,True,3,,,,,
pztcfa1tggb,1587.0,ooo_distractor_lyrical,True,0,,,,,
pztcfa1tggb,1979.0,ooo_distractor_lyrical,True,0,,,,,
pztcfa1tggb,11846.0,recall_lyrical,,"{""selected_answers"":[""journal"",""valley"",""mountain"",""book"",""whisper"",""mirror""]}",0.4545454545454545,0.5,"[""whisper""]",0.1666666666666666,"[""piano"",""ocean"",""phone"",""candle"",""radio""]"
pztcfa1tggb,3836.0,,,0,,,,,
pztcfa1tggb,63030.0,,,"{""reflect-study-mood"":9,""reflect-study-motivation"":5,""motivation_ranking"":[""Chill Instrumental"",""Lyrical Music"",""Silence"",""Upbeat Instrumental""],""reflect-listening-device"":""Earbuds"",""reflect-device"":""Laptop"",""reflect-music-familiarity"":""Neither"",""reflect-music-opinion"":""I liked it and would use it for studying"",""reflect-music-likes"":""The chill one better"",""reflect-difficulties"":null,""reflect-feedback"":null}",,,,,
pv0sfrxu15r,9473.0,,,0,,,,,
pv0sfrxu15r,50317.0,,,"{""baseline-age"":18,""baseline-race"":[""Asian""],""baseline-listen-frequency"":""Always"",""baseline-listening-device"":""Earbuds"",""baseline-music-type"":[""Pop"",""R&B / Soul"",""Hip-Hop / Rap"",""K-Pop / J-Pop"",""other"",""Lo-fi / Chillhop"",""Classical""],""baseline-music-type-Comment"":""Indian"",""baseline-study-hours"":""8-9"",""baseline-study-location"":[""Home"",""Library""],""baseline-study-motivation"":6}",,,,,
pv0sfrxu15r,15334.0,,,0,,,,,
pv0sfrxu15r,11123.0,math_distractor_lyrical,True,2,,,,,
pv0sfrxu15r,1535.0,math_distractor_lyrical,True,1,,,,,
pv0sfrxu15r,10422.0,math_distractor_lyrical,True,2,,,,,
pv0sfrxu15r,5791.0,math_distractor_lyrical,True,1,,,,,
pv0sfrxu15r,1821.0,math_distractor_lyrical,True,0,,,,,
pv0sfrxu15r,5250.0,ooo_distractor_lyrical,True,2,,,,,
pv0sfrxu15r,3618.0,ooo_distractor_lyrical,True,1,,,,,
pv0sfrxu15r,2936.0,ooo_distractor_lyrical,True,3,,,,,
pv0sfrxu15r,1613.0,ooo_distractor_lyrical,True,3,,,,,
pv0sfrxu15r,3000.0,ooo_distractor_lyrical,True,3,,,,,
pv0sfrxu15r,15959.0,recall_lyrical,,"{""selected_answers"":[""notebook"",""tower"",""meadow"",""canvas"",""shadow""]}",0.3636363636363636,0.6,"[""shadow""]",0.2,"[""saddle"",""statue"",""glacier"",""planet"",""whistle"",""fountain""]"
pv0sfrxu15r,1864.0,,,0,,,,,
pv0sfrxu15r,2374.0,math_distractor_instrumental,True,3,,,,,
pv0sfrxu15r,1509.0,math_distractor_instrumental,True,3,,,,,
pv0sfrxu15r,5538.0,math_distractor_instrumental,True,1,,,,,
pv0sfrxu15r,3126.0,math_distractor_instrumental,False,2,,,,,
pv0sfrxu15r,1844.0,math_distractor_instrumental,True,3,,,,,
pv0sfrxu15r,2585.0,ooo_distractor_instrumental,True,1,,,,,
pv0sfrxu15r,2553.0,ooo_distractor_instrumental,True,1,,,,,
pv0sfrxu15r,2155.0,ooo_distractor_instrumental,True,0,,,,,
pv0sfrxu15r,2052.0,ooo_distractor_instrumental,True,2,,,,,
pv0sfrxu15r,1741.0,ooo_distractor_instrumental,True,3,,,,,
pv0sfrxu15r,15020.0,recall_instrumental,,"{""selected_answers"":[""flower"",""sun"",""dog"",""apple"",""forest"",""bridge""]}",0.6,0.4,[],0.0,"[""pencil"",""pathway"",""stone"",""river""]"
pv0sfrxu15r,1030.0,,,0,,,,,
pv0sfrxu15r,3460.0,math_distractor_upbeat_instrumental,False,3,,,,,
pv0sfrxu15r,2767.0,math_distractor_upbeat_instrumental,False,1,,,,,
pv0sfrxu15r,9149.0,math_distractor_upbeat_instrumental,True,2,,,,,
pv0sfrxu15r,2394.0,math_distractor_upbeat_instrumental,True,0,,,,,
pv0sfrxu15r,1805.0,math_distractor_upbeat_instrumental,True,2,,,,,
pv0sfrxu15r,2481.0,ooo_distractor_upbeat_instrumental,True,0,,,,,
pv0sfrxu15r,2466.0,ooo_distractor_upbeat_instrumental,True,1,,,,,
pv0sfrxu15r,3508.0,ooo_distractor_upbeat_instrumental,True,3,,,,,
pv0sfrxu15r,1701.0,ooo_distractor_upbeat_instrumental,False,1,,,,,
pv0sfrxu15r,1574.0,ooo_distractor_upbeat_instrumental,True,0,,,,,
pv0sfrxu15r,12041.0,recall_upbeat_instrumental,,"{""selected_answers"":[""book"",""lamp"",""phone""]}",0.3,0.7,[],0.0,"[""mountain"",""ocean"",""road"",""mirror"",""mouse"",""candle"",""valley""]"
pv0sfrxu15r,1027.0,,,0,,,,,
pv0sfrxu15r,1708.0,math_distractor_silence,True,3,,,,,
pv0sfrxu15r,1803.0,math_distractor_silence,True,0,,,,,
pv0sfrxu15r,2977.0,math_distractor_silence,True,2,,,,,
pv0sfrxu15r,2448.0,math_distractor_silence,True,3,,,,,
pv0sfrxu15r,3230.0,math_distractor_silence,False,1,,,,,
pv0sfrxu15r,5680.0,ooo_distractor_silence,True,0,,,,,
pv0sfrxu15r,5100.0,ooo_distractor_silence,True,1,,,,,
pv0sfrxu15r,1946.0,ooo_distractor_silence,True,0,,,,,
pv0sfrxu15r,3570.0,ooo_distractor_silence,True,3,,,,,
pv0sfrxu15r,2410.0,ooo_distractor_silence,True,2,,,,,
pv0sfrxu15r,10948.0,recall_silence,,"{""selected_answers"":[""guitar"",""desk"",""ceiling"",""door"",""train"",""desert"",""hill""]}",0.7,0.3,[],0.0,"[""computer"",""tree"",""stream""]"
pv0sfrxu15r,8904.0,,,0,,,,,
pv0sfrxu15r,43828.0,,,"{""reflect-study-mood"":7,""reflect-study-motivation"":5,""motivation_ranking"":[""Silence"",""Upbeat Instrumental"",""Chill Instrumental"",""Lyrical Music""],""reflect-listening-device"":""Earbuds"",""reflect-device"":""Laptop"",""reflect-music-familiarity"":""One of them"",""reflect-music-opinion"":""I liked it, but I wouldn't use it for studying"",""reflect-music-likes"":null,""reflect-difficulties"":""N/A"",""reflect-feedback"":""N/A""}",,,,,
pjb0cxwd8yd,1791.0,,,0,,,,,
pjb0cxwd8yd,95111.0,,,"{""baseline-age"":21,""baseline-race"":[""Asian""],""baseline-listen-frequency"":""Often"",""baseline-listening-device"":""Earbuds"",""baseline-music-type"":[""K-Pop / J-Pop"",""Pop"",""R&B / Soul"",""Lo-fi / Chillhop""],""baseline-study-hours"":""10+"",""baseline-study-location"":[""Home"",""Coffee shop"",""other""],""baseline-study-location-Comment"":""Apartment study room"",""baseline-study-motivation"":6}",,,,,
pjb0cxwd8yd,4984.0,,,0,,,,,
pjb0cxwd8yd,2845.0,math_distractor_instrumental,True,3,,,,,
pjb0cxwd8yd,2423.0,math_distractor_instrumental,True,3,,,,,
pjb0cxwd8yd,2998.0,math_distractor_instrumental,True,0,,,,,
pjb0cxwd8yd,4016.0,math_distractor_instrumental,True,2,,,,,
pjb0cxwd8yd,3534.0,math_distractor_instrumental,True,2,,,,,
pjb0cxwd8yd,10741.0,ooo_distractor_instrumental,True,1,,,,,
pjb0cxwd8yd,13411.0,ooo_distractor_instrumental,True,1,,,,,
pjb0cxwd8yd,3709.0,ooo_distractor_instrumental,False,3,,,,,
pjb0cxwd8yd,2753.0,ooo_distractor_instrumental,True,2,,,,,
pjb0cxwd8yd,3620.0,ooo_distractor_instrumental,True,1,,,,,
pjb0cxwd8yd,20041.0,recall_instrumental,,"{""selected_answers"":[""apple"",""dog"",""shadow"",""river"",""table"",""house"",""moon""]}",0.5454545454545454,0.4,"[""shadow""]",0.1428571428571428,"[""cloud"",""flower"",""chair"",""forest""]"
pjb0cxwd8yd,2041.0,,,0,,,,,
pjb0cxwd8yd,3552.0,math_distractor_upbeat_instrumental,True,2,,,,,
pjb0cxwd8yd,4718.0,math_distractor_upbeat_instrumental,True,3,,,,,
pjb0cxwd8yd,6230.0,math_distractor_upbeat_instrumental,True,1,,,,,
pjb0cxwd8yd,2850.0,math_distractor_upbeat_instrumental,True,0,,,,,
pjb0cxwd8yd,2216.0,math_distractor_upbeat_instrumental,True,2,,,,,
pjb0cxwd8yd,2613.0,ooo_distractor_upbeat_instrumental,True,1,,,,,
pjb0cxwd8yd,3956.0,ooo_distractor_upbeat_instrumental,False,2,,,,,
pjb0cxwd8yd,3278.0,ooo_distractor_upbeat_instrumental,True,2,,,,,
pjb0cxwd8yd,3113.0,ooo_distractor_upbeat_instrumental,True,2,,,,,
pjb0cxwd8yd,4786.0,ooo_distractor_upbeat_instrumental,True,0,,,,,
pjb0cxwd8yd,18564.0,recall_upbeat_instrumental,,"{""selected_answers"":[""towel"",""glacier"",""napkin"",""fountain"",""saddle"",""planet"",""lantern"",""meadow"",""tower""]}",0.5833333333333334,0.3,"[""towel"",""napkin""]",0.2222222222222222,"[""canvas"",""whistle"",""statue""]"
pjb0cxwd8yd,2036.0,,,0,,,,,
pjb0cxwd8yd,2578.0,math_distractor_silence,True,1,,,,,
pjb0cxwd8yd,2681.0,math_distractor_silence,True,3,,,,,
pjb0cxwd8yd,7233.0,math_distractor_silence,True,1,,,,,
pjb0cxwd8yd,3951.0,math_distractor_silence,True,2,,,,,
pjb0cxwd8yd,2749.0,math_distractor_silence,True,2,,,,,
pjb0cxwd8yd,6730.0,ooo_distractor_silence,True,3,,,,,
pjb0cxwd8yd,3433.0,ooo_distractor_silence,True,2,,,,,
pjb0cxwd8yd,5054.0,ooo_distractor_silence,True,3,,,,,
pjb0cxwd8yd,2865.0,ooo_distractor_silence,True,2,,,,,
pjb0cxwd8yd,2763.0,ooo_distractor_silence,False,0,,,,,
pjb0cxwd8yd,16157.0,recall_silence,,"{""selected_answers"":[""phone"",""mountain"",""mouse"",""lighthouse""]}",0.2727272727272727,0.7,"[""lighthouse""]",0.25,"[""ocean"",""mirror"",""valley"",""radio"",""road"",""candle"",""journal""]"
pjb0cxwd8yd,1631.0,,,0,,,,,
pjb0cxwd8yd,5075.0,math_distractor_lyrical,False,1,,,,,
pjb0cxwd8yd,7114.0,math_distractor_lyrical,True,3,,,,,
pjb0cxwd8yd,1784.0,math_distractor_lyrical,True,2,,,,,
pjb0cxwd8yd,1749.0,math_distractor_lyrical,True,1,,,,,
pjb0cxwd8yd,1764.0,math_distractor_lyrical,True,3,,,,,
pjb0cxwd8yd,3519.0,ooo_distractor_lyrical,True,3,,,,,
pjb0cxwd8yd,1862.0,ooo_distractor_lyrical,True,3,,,,,
pjb0cxwd8yd,2118.0,ooo_distractor_lyrical,True,2,,,,,
pjb0cxwd8yd,3262.0,ooo_distractor_lyrical,False,0,,,,,
pjb0cxwd8yd,3101.0,ooo_distractor_lyrical,False,1,,,,,
pjb0cxwd8yd,7273.0,recall_lyrical,,"{""selected_answers"":null}",0.0,1.0,[],0.0,"[""guitar"",""door"",""stream"",""hill"",""desert"",""tree"",""train"",""desk"",""window"",""star""]"
pjb0cxwd8yd,1576.0,,,0,,,,,
pjb0cxwd8yd,102300.0,,,"{""reflect-study-motivation"":6,""reflect-study-mood"":7,""motivation_ranking"":[""Chill Instrumental"",""Upbeat Instrumental"",""Silence"",""Lyrical Music""],""reflect-device"":""Phone"",""reflect-listening-device"":""Speakers/Out loud"",""reflect-music-familiarity"":""Neither"",""reflect-music-opinion"":""I liked it, but I wouldn't use it for studying"",""reflect-music-likes"":""The chill music"",""reflect-difficulties"":null,""reflect-feedback"":null}",,,,,
pddu8w00oyk,1836.0,,,0,,,,,
pddu8w00oyk,38022.0,,,"{""baseline-age"":24,""baseline-race"":[""Asian""],""baseline-listen-frequency"":""Often"",""baseline-listening-device"":""Earbuds"",""baseline-music-type"":[""Jazz"",""Lo-fi / Chillhop"",""Pop"",""Hip-Hop / Rap"",""Reggae"",""K-Pop / J-Pop"",""Podcasts / Spoken Word""],""baseline-study-hours"":""10+"",""baseline-study-location"":[""Home"",""Library""],""baseline-study-motivation"":8}",,,,,
pddu8w00oyk,21990.0,,,0,,,,,
pddu8w00oyk,2262.0,math_distractor_instrumental,True,3,,,,,
pddu8w00oyk,1375.0,math_distractor_instrumental,True,1,,,,,
pddu8w00oyk,2062.0,math_distractor_instrumental,True,0,,,,,
pddu8w00oyk,2392.0,math_distractor_instrumental,True,3,,,,,
pddu8w00oyk,1538.0,math_distractor_instrumental,True,1,,,,,
pddu8w00oyk,4707.0,ooo_distractor_instrumental,True,1,,,,,
pddu8w00oyk,2630.0,ooo_distractor_instrumental,False,0,,,,,
pddu8w00oyk,5529.0,ooo_distractor_instrumental,True,3,,,,,
pddu8w00oyk,1890.0,ooo_distractor_instrumental,True,2,,,,,
pddu8w00oyk,1892.0,ooo_distractor_instrumental,True,2,,,,,
pddu8w00oyk,14662.0,recall_instrumental,,"{""selected_answers"":[""mirror"",""radio"",""piano"",""lamp""]}",0.4,0.6,[],0.0,"[""car"",""mouse"",""mountain"",""road"",""journal"",""book""]"
pddu8w00oyk,3096.0,,,0,,,,,
pddu8w00oyk,2020.0,math_distractor_silence,True,0,,,,,
pddu8w00oyk,1770.0,math_distractor_silence,True,1,,,,,
pddu8w00oyk,1602.0,math_distractor_silence,True,2,,,,,
pddu8w00oyk,1614.0,math_distractor_silence,True,3,,,,,
pddu8w00oyk,2094.0,math_distractor_silence,True,2,,,,,
pddu8w00oyk,2904.0,ooo_distractor_silence,True,1,,,,,
pddu8w00oyk,1843.0,ooo_distractor_silence,True,2,,,,,
pddu8w00oyk,1303.0,ooo_distractor_silence,True,2,,,,,
pddu8w00oyk,1627.0,ooo_distractor_silence,True,2,,,,,
pddu8w00oyk,3387.0,ooo_distractor_silence,True,2,,,,,
pddu8w00oyk,12200.0,recall_silence,,"{""selected_answers"":[""apple""]}",0.1,0.9,[],0.0,"[""sun"",""table"",""chair"",""flower"",""river"",""forest"",""house"",""bridge"",""moon""]"
pddu8w00oyk,1296.0,,,0,,,,,
pddu8w00oyk,1427.0,math_distractor_lyrical,True,3,,,,,
pddu8w00oyk,1561.0,math_distractor_lyrical,True,2,,,,,
pddu8w00oyk,1418.0,math_distractor_lyrical,False,2,,,,,
pddu8w00oyk,1334.0,math_distractor_lyrical,True,1,,,,,
pddu8w00oyk,1821.0,math_distractor_lyrical,True,2,,,,,
pddu8w00oyk,1216.0,ooo_distractor_lyrical,True,1,,,,,
pddu8w00oyk,2793.0,ooo_distractor_lyrical,True,2,,,,,
pddu8w00oyk,2026.0,ooo_distractor_lyrical,True,2,,,,,
pddu8w00oyk,2605.0,ooo_distractor_lyrical,True,0,,,,,
pddu8w00oyk,1474.0,ooo_distractor_lyrical,True,1,,,,,
pddu8w00oyk,22335.0,recall_lyrical,,"{""selected_answers"":[""horizon"",""train"",""desert""]}",0.3,0.7,[],0.0,"[""cup"",""computer"",""window"",""desk"",""keyboard"",""guitar"",""stream""]"
pddu8w00oyk,1230.0,,,0,,,,,
pddu8w00oyk,1324.0,math_distractor_upbeat_instrumental,True,3,,,,,
pddu8w00oyk,3123.0,math_distractor_upbeat_instrumental,True,2,,,,,
pddu8w00oyk,1173.0,math_distractor_upbeat_instrumental,True,2,,,,,
pddu8w00oyk,1022.0,math_distractor_upbeat_instrumental,True,2,,,,,
pddu8w00oyk,1042.0,math_distractor_upbeat_instrumental,True,3,,,,,
pddu8w00oyk,4930.0,ooo_distractor_upbeat_instrumental,True,2,,,,,
pddu8w00oyk,2602.0,ooo_distractor_upbeat_instrumental,True,3,,,,,
pddu8w00oyk,3173.0,ooo_distractor_upbeat_instrumental,True,0,,,,,
pddu8w00oyk,1403.0,ooo_distractor_upbeat_instrumental,True,3,,,,,
pddu8w00oyk,7283.0,ooo_distractor_upbeat_instrumental,True,3,,,,,
pddu8w00oyk,7087.0,recall_upbeat_instrumental,,"{""selected_answers"":[""tower"",""riverbank""]}",0.2,0.8,[],0.0,"[""canvas"",""planet"",""meadow"",""glacier"",""fountain"",""lantern"",""parade"",""avenue""]"
pddu8w00oyk,8698.0,,,0,,,,,
pddu8w00oyk,71690.0,,,"{""reflect-study-mood"":10,""reflect-study-motivation"":9,""motivation_ranking"":[""Lyrical Music"",""Upbeat Instrumental"",""Chill Instrumental"",""Silence""],""reflect-listening-device"":""Earbuds"",""reflect-device"":""Laptop"",""reflect-music-familiarity"":""Both of them"",""reflect-music-opinion"":""I liked it and would use it for studying"",""reflect-music-likes"":""I like all of them"",""reflect-difficulties"":""No"",""reflect-feedback"":""The study is fun :)""}",,,,,
pbgh9pvsyuy,7797.0,,,0,,,,,
pbgh9pvsyuy,60785.0,,,"{""baseline-age"":22,""baseline-race"":[""White""],""baseline-listen-frequency"":""Never"",""baseline-listening-device"":""I don't listen to music when studying"",""baseline-music-type"":[""none""],""baseline-study-hours"":""6-7"",""baseline-study-location"":[""Coffee shop"",""Library"",""Home""],""baseline-study-motivation"":5}",,,,,
pbgh9pvsyuy,15801.0,,,0,,,,,
pbgh9pvsyuy,13090.0,math_distractor_lyrical,False,0,,,,,
pbgh9pvsyuy,3265.0,math_distractor_lyrical,True,2,,,,,
pbgh9pvsyuy,3926.0,math_distractor_lyrical,True,0,,,,,
pbgh9pvsyuy,1945.0,math_distractor_lyrical,True,2,,,,,
pbgh9pvsyuy,3464.0,math_distractor_lyrical,True,0,,,,,
pbgh9pvsyuy,4635.0,ooo_distractor_lyrical,True,0,,,,,
pbgh9pvsyuy,2538.0,ooo_distractor_lyrical,True,1,,,,,
pbgh9pvsyuy,2007.0,ooo_distractor_lyrical,True,2,,,,,
pbgh9pvsyuy,3161.0,ooo_distractor_lyrical,True,0,,,,,
pbgh9pvsyuy,1646.0,ooo_distractor_lyrical,True,0,,,,,
pbgh9pvsyuy,14167.0,recall_lyrical,,"{""selected_answers"":[""mirror"",""mouse"",""harbor"",""phone"",""piano"",""candle""]}",0.6,0.4,[],0.0,"[""mountain"",""journal"",""radio"",""lamp""]"
pbgh9pvsyuy,3721.0,,,0,,,,,
pbgh9pvsyuy,3835.0,math_distractor_instrumental,True,3,,,,,
pbgh9pvsyuy,2361.0,math_distractor_instrumental,True,3,,,,,
pbgh9pvsyuy,21879.0,math_distractor_instrumental,True,2,,,,,
pbgh9pvsyuy,2277.0,math_distractor_instrumental,True,1,,,,,
pbgh9pvsyuy,11198.0,math_distractor_instrumental,True,2,,,,,
pbgh9pvsyuy,5214.0,ooo_distractor_instrumental,True,1,,,,,
pbgh9pvsyuy,3873.0,ooo_distractor_instrumental,True,3,,,,,
pbgh9pvsyuy,2951.0,ooo_distractor_instrumental,True,2,,,,,
pbgh9pvsyuy,2391.0,ooo_distractor_instrumental,True,2,,,,,
pbgh9pvsyuy,3293.0,ooo_distractor_instrumental,True,1,,,,,
pbgh9pvsyuy,12150.0,recall_instrumental,,"{""selected_answers"":[""cloud"",""bridge"",""apple"",""forest"",""pathway""]}",0.5,0.5,[],0.0,"[""pencil"",""chair"",""house"",""sun"",""river""]"
pbgh9pvsyuy,6454.0,,,0,,,,,
pbgh9pvsyuy,1585.0,math_distractor_silence,True,3,,,,,
pbgh9pvsyuy,2962.0,math_distractor_silence,True,2,,,,,
pbgh9pvsyuy,3696.0,math_distractor_silence,True,3,,,,,
pbgh9pvsyuy,1695.0,math_distractor_silence,True,2,,,,,
pbgh9pvsyuy,2732.0,math_distractor_silence,True,0,,,,,
pbgh9pvsyuy,3999.0,ooo_distractor_silence,False,2,,,,,
pbgh9pvsyuy,2921.0,ooo_distractor_silence,True,0,,,,,
pbgh9pvsyuy,3759.0,ooo_distractor_silence,True,0,,,,,
pbgh9pvsyuy,2642.0,ooo_distractor_silence,True,2,,,,,
pbgh9pvsyuy,1907.0,ooo_distractor_silence,True,0,,,,,
pbgh9pvsyuy,16311.0,recall_silence,,"{""selected_answers"":[""statue"",""avenue"",""fountain"",""canvas"",""meadow"",""parade""]}",0.6,0.4,[],0.0,"[""glacier"",""riverbank"",""tower"",""saddle""]"
pbgh9pvsyuy,4421.0,,,0,,,,,
pbgh9pvsyuy,7154.0,math_distractor_upbeat_instrumental,True,2,,,,,
pbgh9pvsyuy,1757.0,math_distractor_upbeat_instrumental,True,1,,,,,
pbgh9pvsyuy,1914.0,math_distractor_upbeat_instrumental,True,3,,,,,
pbgh9pvsyuy,12129.0,math_distractor_upbeat_instrumental,True,3,,,,,
pbgh9pvsyuy,8476.0,math_distractor_upbeat_instrumental,True,1,,,,,
pbgh9pvsyuy,4639.0,ooo_distractor_upbeat_instrumental,True,3,,,,,
pbgh9pvsyuy,6412.0,ooo_distractor_upbeat_instrumental,True,2,,,,,
pbgh9pvsyuy,3426.0,ooo_distractor_upbeat_instrumental,True,2,,,,,
pbgh9pvsyuy,2902.0,ooo_distractor_upbeat_instrumental,True,2,,,,,
pbgh9pvsyuy,8164.0,ooo_distractor_upbeat_instrumental,True,0,,,,,
pbgh9pvsyuy,12494.0,recall_upbeat_instrumental,,"{""selected_answers"":[""computer"",""train"",""door"",""tree"",""star"",""whisper""]}",0.4545454545454545,0.5,"[""whisper""]",0.1666666666666666,"[""guitar"",""cup"",""desk"",""ceiling"",""keyboard""]"
pbgh9pvsyuy,4616.0,,,0,,,,,
pbgh9pvsyuy,70602.0,,,"{""reflect-study-mood"":7,""reflect-study-motivation"":7,""motivation_ranking"":[""Lyrical Music"",""Silence"",""Chill Instrumental"",""Upbeat Instrumental""],""reflect-listening-device"":""Speakers/Out loud"",""reflect-device"":""Phone"",""reflect-music-familiarity"":""One of them"",""reflect-music-opinion"":""I liked it, but I wouldn't use it for studying"",""reflect-music-likes"":null,""reflect-difficulties"":null,""reflect-feedback"":null}",,,,,
pls7hssk9n5,11055.0,,,0,,,,,
pls7hssk9n5,58473.0,,,"{""baseline-age"":21,""baseline-race"":[""White""],""baseline-listen-frequency"":""Never"",""baseline-listening-device"":""I don't listen to music when studying"",""baseline-music-type"":[""Podcasts / Spoken Word""],""baseline-study-hours"":""0-1"",""baseline-study-location"":[""Home""],""baseline-study-motivation"":2}",,,,,
pls7hssk9n5,10139.0,,,0,,,,,
pls7hssk9n5,3905.0,math_distractor_instrumental,True,3,,,,,
pls7hssk9n5,2659.0,math_distractor_instrumental,True,1,,,,,
pls7hssk9n5,1594.0,math_distractor_instrumental,True,2,,,,,
pls7hssk9n5,9751.0,math_distractor_instrumental,True,1,,,,,
pls7hssk9n5,2994.0,math_distractor_instrumental,False,1,,,,,
pls7hssk9n5,3676.0,ooo_distractor_instrumental,True,3,,,,,
pls7hssk9n5,2407.0,ooo_distractor_instrumental,True,0,,,,,
pls7hssk9n5,2278.0,ooo_distractor_instrumental,True,2,,,,,
pls7hssk9n5,2560.0,ooo_distractor_instrumental,True,0,,,,,
pls7hssk9n5,2076.0,ooo_distractor_instrumental,True,1,,,,,
pls7hssk9n5,12433.0,recall_instrumental,,"{""selected_answers"":[""mountain"",""car"",""candle"",""mouse"",""phone"",""helmet"",""road"",""ocean"",""journal""]}",0.7272727272727273,0.2,"[""helmet""]",0.1111111111111111,"[""radio"",""book""]"
pls7hssk9n5,4591.0,,,0,,,,,
pls7hssk9n5,3936.0,math_distractor_lyrical,False,1,,,,,
pls7hssk9n5,1747.0,math_distractor_lyrical,True,0,,,,,
pls7hssk9n5,2743.0,math_distractor_lyrical,True,1,,,,,
pls7hssk9n5,6453.0,math_distractor_lyrical,False,1,,,,,
pls7hssk9n5,14128.0,math_distractor_lyrical,True,2,,,,,
pls7hssk9n5,3373.0,ooo_distractor_lyrical,True,0,,,,,
pls7hssk9n5,1861.0,ooo_distractor_lyrical,True,3,,,,,
pls7hssk9n5,2075.0,ooo_distractor_lyrical,True,3,,,,,
pls7hssk9n5,3391.0,ooo_distractor_lyrical,True,3,,,,,
pls7hssk9n5,2922.0,ooo_distractor_lyrical,True,0,,,,,
pls7hssk9n5,13500.0,recall_lyrical,,"{""selected_answers"":[""guitar"",""ceiling"",""tree""]}",0.3,0.7,[],0.0,"[""keyboard"",""star"",""horizon"",""desert"",""computer"",""cup"",""stream""]"
pls7hssk9n5,15469.0,,,0,,,,,
pls7hssk9n5,2135.0,math_distractor_silence,False,0,,,,,
pls7hssk9n5,2477.0,math_distractor_silence,True,2,,,,,
pls7hssk9n5,1943.0,math_distractor_silence,True,3,,,,,
pls7hssk9n5,1762.0,math_distractor_silence,True,3,,,,,
pls7hssk9n5,1993.0,math_distractor_silence,True,3,,,,,
pls7hssk9n5,2027.0,ooo_distractor_silence,True,1,,,,,
pls7hssk9n5,2259.0,ooo_distractor_silence,True,2,,,,,
pls7hssk9n5,1560.0,ooo_distractor_silence,True,3,,,,,
pls7hssk9n5,2209.0,ooo_distractor_silence,False,0,,,,,
pls7hssk9n5,2926.0,ooo_distractor_silence,True,1,,,,,
pls7hssk9n5,8838.0,recall_silence,,"{""selected_answers"":[""glacier"",""canvas"",""whistle"",""parade"",""basket"",""snowflake"",""saddle"",""riverbank""]}",0.6363636363636364,0.3,"[""snowflake""]",0.125,"[""notebook"",""avenue"",""fountain""]"
pls7hssk9n5,1946.0,,,0,,,,,
pls7hssk9n5,30237.0,math_distractor_upbeat_instrumental,True,0,,,,,
pls7hssk9n5,1617.0,math_distractor_upbeat_instrumental,True,2,,,,,
pls7hssk9n5,3273.0,math_distractor_upbeat_instrumental,True,3,,,,,
pls7hssk9n5,3908.0,math_distractor_upbeat_instrumental,False,3,,,,,
pls7hssk9n5,1828.0,math_distractor_upbeat_instrumental,True,1,,,,,
pls7hssk9n5,1926.0,ooo_distractor_upbeat_instrumental,True,3,,,,,
pls7hssk9n5,3954.0,ooo_distractor_upbeat_instrumental,True,0,,,,,
pls7hssk9n5,4090.0,ooo_distractor_upbeat_instrumental,True,3,,,,,
pls7hssk9n5,3873.0,ooo_distractor_upbeat_instrumental,True,1,,,,,
pls7hssk9n5,3158.0,ooo_distractor_upbeat_instrumental,False,2,,,,,
pls7hssk9n5,6133.0,recall_upbeat_instrumental,,"{""selected_answers"":[""pencil""]}",0.1,0.9,[],0.0,"[""flower"",""pathway"",""river"",""table"",""dog"",""moon"",""bridge"",""sun"",""apple""]"
pls7hssk9n5,4932.0,,,0,,,,,
pls7hssk9n5,109419.0,,,"{""reflect-study-mood"":3,""reflect-study-motivation"":1,""motivation_ranking"":[""Chill Instrumental"",""Upbeat Instrumental"",""Silence"",""Lyrical Music""],""reflect-listening-device"":""Speakers/Out loud"",""reflect-device"":""Phone"",""reflect-music-opinion"":""I liked it, but I wouldn't use it for studying"",""reflect-music-likes"":""i no like"",""reflect-music-familiarity"":""One of them"",""reflect-difficulties"":""No"",""reflect-feedback"":""No""}",,,,,
pcjkmkfwl4d,6076.0,,,0,,,,,
pcjkmkfwl4d,44996.0,,,"{""baseline-age"":20,""baseline-race"":[""Middle Eastern or North African""],""baseline-listen-frequency"":""Often"",""baseline-listening-device"":""Earbuds"",""baseline-music-type"":[""Jazz"",""Lo-fi / Chillhop"",""R&B / Soul"",""Hip-Hop / Rap"",""Ambient / New Age""],""baseline-study-hours"":""8-9"",""baseline-study-location"":[""Home"",""Library"",""Coffee shop""],""baseline-study-motivation"":6}",,,,,
pcjkmkfwl4d,8950.0,,,0,,,,,
pcjkmkfwl4d,4835.0,math_distractor_silence,True,2,,,,,
pcjkmkfwl4d,1463.0,math_distractor_silence,True,3,,,,,
pcjkmkfwl4d,1217.0,math_distractor_silence,True,3,,,,,
pcjkmkfwl4d,2490.0,math_distractor_silence,True,3,,,,,
pcjkmkfwl4d,1448.0,math_distractor_silence,True,2,,,,,
pcjkmkfwl4d,2150.0,ooo_distractor_silence,True,2,,,,,
pcjkmkfwl4d,2969.0,ooo_distractor_silence,True,0,,,,,
pcjkmkfwl4d,1542.0,ooo_distractor_silence,True,0,,,,,
pcjkmkfwl4d,6271.0,ooo_distractor_silence,True,1,,,,,
pcjkmkfwl4d,2398.0,ooo_distractor_silence,True,3,,,,,
pcjkmkfwl4d,32194.0,recall_silence,,"{""selected_answers"":[""mirror"",""phone"",""mouse"",""road"",""book"",""radio""]}",0.6,0.4,[],0.0,"[""mountain"",""journal"",""car"",""lamp""]"
pcjkmkfwl4d,7162.0,,,0,,,,,
pcjkmkfwl4d,5287.0,math_distractor_upbeat_instrumental,True,0,,,,,
pcjkmkfwl4d,3989.0,math_distractor_upbeat_instrumental,True,1,,,,,
pcjkmkfwl4d,2468.0,math_distractor_upbeat_instrumental,True,2,,,,,
pcjkmkfwl4d,1667.0,math_distractor_upbeat_instrumental,True,0,,,,,
pcjkmkfwl4d,1600.0,math_distractor_upbeat_instrumental,True,2,,,,,
pcjkmkfwl4d,2689.0,ooo_distractor_upbeat_instrumental,True,2,,,,,
pcjkmkfwl4d,3075.0,ooo_distractor_upbeat_instrumental,True,3,,,,,
pcjkmkfwl4d,5243.0,ooo_distractor_upbeat_instrumental,True,2,,,,,
pcjkmkfwl4d,4088.0,ooo_distractor_upbeat_instrumental,False,2,,,,,
pcjkmkfwl4d,1969.0,ooo_distractor_upbeat_instrumental,True,3,,,,,
pcjkmkfwl4d,15671.0,recall_upbeat_instrumental,,"{""selected_answers"":[""house"",""pencil"",""chair"",""flower"",""sun"",""apple""]}",0.6,0.4,[],0.0,"[""table"",""moon"",""pathway"",""bridge""]"
pcjkmkfwl4d,1684.0,,,0,,,,,
pcjkmkfwl4d,2443.0,math_distractor_instrumental,True,0,,,,,
pcjkmkfwl4d,1091.0,math_distractor_instrumental,True,1,,,,,
pcjkmkfwl4d,2058.0,math_distractor_instrumental,True,3,,,,,
pcjkmkfwl4d,1832.0,math_distractor_instrumental,True,1,,,,,
pcjkmkfwl4d,1312.0,math_distractor_instrumental,True,3,,,,,
pcjkmkfwl4d,2284.0,ooo_distractor_instrumental,True,1,,,,,
pcjkmkfwl4d,2358.0,ooo_distractor_instrumental,True,1,,,,,
pcjkmkfwl4d,1776.0,ooo_distractor_instrumental,True,2,,,,,
pcjkmkfwl4d,1470.0,ooo_distractor_instrumental,True,1,,,,,
pcjkmkfwl4d,2234.0,ooo_distractor_instrumental,True,3,,,,,
pcjkmkfwl4d,17000.0,recall_instrumental,,"{""selected_answers"":[""guitar"",""train"",""horizon"",""desk"",""ceiling"",""desert""]}",0.6,0.4,[],0.0,"[""stream"",""star"",""window"",""door""]"
pcjkmkfwl4d,1482.0,,,0,,,,,
pcjkmkfwl4d,5847.0,math_distractor_lyrical,True,2,,,,,
pcjkmkfwl4d,4516.0,math_distractor_lyrical,True,1,,,,,
pcjkmkfwl4d,1545.0,math_distractor_lyrical,True,3,,,,,
pcjkmkfwl4d,3076.0,math_distractor_lyrical,True,2,,,,,
pcjkmkfwl4d,4902.0,math_distractor_lyrical,True,2,,,,,
pcjkmkfwl4d,1393.0,ooo_distractor_lyrical,True,2,,,,,
pcjkmkfwl4d,2665.0,ooo_distractor_lyrical,True,2,,,,,
pcjkmkfwl4d,1691.0,ooo_distractor_lyrical,True,0,,,,,
pcjkmkfwl4d,2569.0,ooo_distractor_lyrical,True,1,,,,,
pcjkmkfwl4d,1622.0,ooo_distractor_lyrical,True,1,,,,,
pcjkmkfwl4d,36114.0,recall_lyrical,,"{""selected_answers"":[""fountain"",""statue"",""notebook"",""planet""]}",0.4,0.6,[],0.0,"[""tower"",""canvas"",""riverbank"",""parade"",""whistle"",""meadow""]"
pcjkmkfwl4d,3931.0,,,0,,,,,
pcjkmkfwl4d,87460.0,,,"{""reflect-study-mood"":9,""reflect-study-motivation"":8,""motivation_ranking"":[""Chill Instrumental"",""Upbeat Instrumental"",""Silence"",""Lyrical Music""],""reflect-listening-device"":""Earbuds"",""reflect-device"":""Desktop Computer"",""reflect-music-familiarity"":""One of them"",""reflect-music-opinion"":""I liked it and would use it for studying"",""reflect-music-likes"":""The chill instrumental and upbeat house tracks were good, lyrical one was tough to pay attention "",""reflect-difficulties"":null,""reflect-feedback"":null}",,,,,
pg89slmjbse,19506.0,,,0,,,,,
pg89slmjbse,237614.0,,,"{""baseline-age"":24,""baseline-race"":[""White""],""baseline-listen-frequency"":""Sometimes"",""baseline-listening-device"":""Over-ear headphones"",""baseline-music-type"":[""Lo-fi / Chillhop"",""Classical"",""Nature Sounds / White Noise""],""baseline-study-hours"":""10+"",""baseline-study-location"":[""Home""],""baseline-study-motivation"":6}",,,,,
pg89slmjbse,10128.0,,,0,,,,,
pg89slmjbse,2312.0,math_distractor_upbeat_instrumental,True,2,,,,,
pg89slmjbse,2118.0,math_distractor_upbeat_instrumental,True,2,,,,,
pg89slmjbse,1610.0,math_distractor_upbeat_instrumental,True,3,,,,,
pg89slmjbse,2217.0,math_distractor_upbeat_instrumental,True,3,,,,,
pg89slmjbse,3101.0,math_distractor_upbeat_instrumental,True,1,,,,,
pg89slmjbse,8226.0,ooo_distractor_upbeat_instrumental,False,3,,,,,
pg89slmjbse,7231.0,ooo_distractor_upbeat_instrumental,True,2,,,,,
pg89slmjbse,2398.0,ooo_distractor_upbeat_instrumental,True,2,,,,,
pg89slmjbse,13078.0,ooo_distractor_upbeat_instrumental,True,1,,,,,
pg89slmjbse,4422.0,ooo_distractor_upbeat_instrumental,True,3,,,,,
pg89slmjbse,47655.0,recall_upbeat_instrumental,,"{""selected_answers"":[""road"",""journal"",""candle"",""mountain"",""car"",""valley"",""mouse"",""marble"",""book"",""mirror"",""radio""]}",0.9090909090909092,0.0,"[""marble""]",0.0909090909090909,[]
pg89slmjbse,18912.0,,,0,,,,,
pg89slmjbse,3213.0,math_distractor_instrumental,True,1,,,,,
pg89slmjbse,1444.0,math_distractor_instrumental,True,1,,,,,
pg89slmjbse,1259.0,math_distractor_instrumental,True,2,,,,,
pg89slmjbse,2770.0,math_distractor_instrumental,True,0,,,,,
pg89slmjbse,4214.0,math_distractor_instrumental,True,3,,,,,
pg89slmjbse,3237.0,ooo_distractor_instrumental,True,3,,,,,
pg89slmjbse,2238.0,ooo_distractor_instrumental,True,0,,,,,
pg89slmjbse,2502.0,ooo_distractor_instrumental,True,0,,,,,
pg89slmjbse,2001.0,ooo_distractor_instrumental,True,0,,,,,
pg89slmjbse,1968.0,ooo_distractor_instrumental,True,3,,,,,
pg89slmjbse,37526.0,recall_instrumental,,"{""selected_answers"":[""hill"",""desk"",""window"",""computer"",""star"",""guitar"",""desert"",""pillow"",""tree"",""umbrella""]}",0.6666666666666666,0.2,"[""pillow"",""umbrella""]",0.2,"[""stream"",""cup""]"
pg89slmjbse,96128.0,,,0,,,,,
pg89slmjbse,3865.0,math_distractor_silence,True,0,,,,,
pg89slmjbse,6509.0,math_distractor_silence,True,2,,,,,
pg89slmjbse,1614.0,math_distractor_silence,False,2,,,,,
pg89slmjbse,3858.0,math_distractor_silence,True,3,,,,,
pg89slmjbse,2014.0,math_distractor_silence,True,0,,,,,
pg89slmjbse,1668.0,ooo_distractor_silence,True,2,,,,,
pg89slmjbse,3474.0,ooo_distractor_silence,True,0,,,,,
pg89slmjbse,10056.0,ooo_distractor_silence,True,2,,,,,
pg89slmjbse,7308.0,ooo_distractor_silence,True,1,,,,,
pg89slmjbse,1751.0,ooo_distractor_silence,True,0,,,,,
pg89slmjbse,31335.0,recall_silence,,"{""selected_answers"":[""fountain"",""tower"",""riverbank"",""lantern"",""parade"",""planet"",""glacier"",""meadow"",""avenue"",""saddle""]}",1.0,0.0,[],0.0,[]
pg89slmjbse,13050.0,,,0,,,,,
pg89slmjbse,1892.0,math_distractor_lyrical,True,2,,,,,
pg89slmjbse,1715.0,math_distractor_lyrical,True,3,,,,,
pg89slmjbse,1758.0,math_distractor_lyrical,True,3,,,,,
pg89slmjbse,3274.0,math_distractor_lyrical,True,2,,,,,
pg89slmjbse,1953.0,math_distractor_lyrical,True,2,,,,,
pg89slmjbse,2580.0,ooo_distractor_lyrical,True,3,,,,,
pg89slmjbse,5253.0,ooo_distractor_lyrical,True,2,,,,,
pg89slmjbse,2517.0,ooo_distractor_lyrical,True,3,,,,,
pg89slmjbse,1666.0,ooo_distractor_lyrical,True,2,,,,,
pg89slmjbse,1849.0,ooo_distractor_lyrical,True,2,,,,,
pg89slmjbse,49336.0,recall_lyrical,,"{""selected_answers"":[""apple"",""table"",""moon"",""cloud"",""pencil"",""chair"",""river"",""bridge"",""forest""]}",0.9,0.1,[],0.0,"[""stone""]"
pg89slmjbse,11066.0,,,0,,,,,
pg89slmjbse,120402.0,,,"{""reflect-study-mood"":10,""reflect-study-motivation"":9,""motivation_ranking"":[""Upbeat Instrumental"",""Silence"",""Chill Instrumental"",""Lyrical Music""],""reflect-listening-device"":""Speakers/Out loud"",""reflect-device"":""Laptop"",""reflect-music-familiarity"":""One of them"",""reflect-music-opinion"":""I liked it, but I wouldn't use it for studying"",""reflect-music-likes"":""Both tracks hard af no cap. Not studying type ya feel."",""reflect-difficulties"":""no"",""reflect-feedback"":null}",,,,,
ps8ryezd7ou,23868.0,,,0,,,,,
ps8ryezd7ou,183943.0,,,"{""baseline-race"":[""Hispanic, Latino, or Spanish Origin"",""White""],""baseline-age"":22,""baseline-listen-frequency"":""Often"",""baseline-listening-device"":""Over-ear headphones"",""baseline-music-type"":[""Lo-fi / Chillhop"",""Podcasts / Spoken Word"",""other"",""Classical""],""baseline-music-type-Comment"":""most any genre that is instrumental (POLYPHIA)"",""baseline-study-location"":[""Home"",""other""],""baseline-study-hours"":""0-1"",""baseline-study-motivation"":3,""baseline-study-location-Comment"":""on campus quiet areas/desks""}",,,,,
ps8ryezd7ou,14926.0,,,0,,,,,
ps8ryezd7ou,2116.0,math_distractor_lyrical,True,2,,,,,
ps8ryezd7ou,4013.0,math_distractor_lyrical,True,3,,,,,
ps8ryezd7ou,7803.0,math_distractor_lyrical,True,2,,,,,
ps8ryezd7ou,1567.0,math_distractor_lyrical,True,2,,,,,
ps8ryezd7ou,1911.0,math_distractor_lyrical,True,0,,,,,
ps8ryezd7ou,1619.0,ooo_distractor_lyrical,True,0,,,,,
ps8ryezd7ou,1944.0,ooo_distractor_lyrical,True,2,,,,,
ps8ryezd7ou,4239.0,ooo_distractor_lyrical,True,2,,,,,
ps8ryezd7ou,2665.0,ooo_distractor_lyrical,False,3,,,,,
ps8ryezd7ou,3320.0,ooo_distractor_lyrical,True,1,,,,,
ps8ryezd7ou,13836.0,recall_lyrical,,"{""selected_answers"":[""desert"",""keyboard"",""star"",""desk"",""horizon"",""train"",""computer"",""window"",""guitar"",""ceiling""]}",1.0,0.0,[],0.0,[]
ps8ryezd7ou,41897.0,,,0,,,,,
ps8ryezd7ou,2963.0,math_distractor_instrumental,True,1,,,,,
ps8ryezd7ou,3063.0,math_distractor_instrumental,True,2,,,,,
ps8ryezd7ou,6188.0,math_distractor_instrumental,True,1,,,,,
ps8ryezd7ou,6130.0,math_distractor_instrumental,False,3,,,,,
ps8ryezd7ou,2675.0,math_distractor_instrumental,True,3,,,,,
ps8ryezd7ou,1943.0,ooo_distractor_instrumental,True,2,,,,,
ps8ryezd7ou,1368.0,ooo_distractor_instrumental,True,3,,,,,
ps8ryezd7ou,2546.0,ooo_distractor_instrumental,True,3,,,,,
ps8ryezd7ou,4499.0,ooo_distractor_instrumental,True,0,,,,,
ps8ryezd7ou,1166.0,ooo_distractor_instrumental,True,1,,,,,
ps8ryezd7ou,28333.0,recall_instrumental,,"{""selected_answers"":[""valley"",""phone"",""book"",""towel"",""remote"",""ocean"",""piano"",""mouse"",""road""]}",0.5833333333333334,0.3,"[""towel"",""remote""]",0.2222222222222222,"[""car"",""mountain"",""mirror""]"
ps8ryezd7ou,3274.0,,,0,,,,,
ps8ryezd7ou,1950.0,math_distractor_silence,True,0,,,,,
ps8ryezd7ou,1332.0,math_distractor_silence,True,3,,,,,
ps8ryezd7ou,2613.0,math_distractor_silence,True,3,,,,,
ps8ryezd7ou,1594.0,math_distractor_silence,True,0,,,,,
ps8ryezd7ou,1685.0,math_distractor_silence,True,1,,,,,
ps8ryezd7ou,2355.0,ooo_distractor_silence,True,2,,,,,
ps8ryezd7ou,2449.0,ooo_distractor_silence,True,3,,,,,
ps8ryezd7ou,2920.0,ooo_distractor_silence,True,3,,,,,
ps8ryezd7ou,2070.0,ooo_distractor_silence,True,1,,,,,
ps8ryezd7ou,2220.0,ooo_distractor_silence,True,2,,,,,
ps8ryezd7ou,27682.0,recall_silence,,"{""selected_answers"":[""pencil"",""cloud"",""sun"",""table"",""dog"",""stone"",""forest"",""moon"",""bridge""]}",0.9,0.1,[],0.0,"[""house""]"
ps8ryezd7ou,6848.0,,,0,,,,,
ps8ryezd7ou,4207.0,math_distractor_upbeat_instrumental,True,2,,,,,
ps8ryezd7ou,2045.0,math_distractor_upbeat_instrumental,True,3,,,,,
ps8ryezd7ou,3052.0,math_distractor_upbeat_instrumental,True,3,,,,,
ps8ryezd7ou,3272.0,math_distractor_upbeat_instrumental,True,2,,,,,
ps8ryezd7ou,1305.0,math_distractor_upbeat_instrumental,True,1,,,,,
ps8ryezd7ou,4013.0,ooo_distractor_upbeat_instrumental,True,3,,,,,
ps8ryezd7ou,1710.0,ooo_distractor_upbeat_instrumental,True,2,,,,,
ps8ryezd7ou,1663.0,ooo_distractor_upbeat_instrumental,True,2,,,,,
ps8ryezd7ou,1507.0,ooo_distractor_upbeat_instrumental,True,0,,,,,
ps8ryezd7ou,1509.0,ooo_distractor_upbeat_instrumental,True,2,,,,,
ps8ryezd7ou,33883.0,recall_upbeat_instrumental,,"{""selected_answers"":[""saddle"",""notebook"",""planet"",""fountain"",""statue"",""lantern"",""tower"",""parade"",""candlewick""]}",0.7272727272727273,0.2,"[""candlewick""]",0.1111111111111111,"[""glacier"",""whistle""]"
ps8ryezd7ou,3851.0,,,0,,,,,
ps8ryezd7ou,63984.0,,,"{""reflect-study-mood"":6,""reflect-study-motivation"":6,""motivation_ranking"":[""Chill Instrumental"",""Silence"",""Upbeat Instrumental"",""Lyrical Music""],""reflect-listening-device"":""Over-ear headphones"",""reflect-device"":""Laptop"",""reflect-music-familiarity"":""One of them"",""reflect-music-opinion"":""I liked it, but I wouldn't use it for studying"",""reflect-music-likes"":null,""reflect-difficulties"":""n/a"",""reflect-feedback"":""n/a""}",,,,,
p3she5m9vrb,1564.0,,,0,,,,,
p3she5m9vrb,50570.0,,,"{""baseline-age"":23,""baseline-race"":[""Hispanic, Latino, or Spanish Origin"",""White""],""baseline-listen-frequency"":""Often"",""baseline-listening-device"":""Over-ear headphones"",""baseline-music-type"":[""Classical"",""Electronic / EDM"",""Hip-Hop / Rap"",""Rock"",""other""],""baseline-music-type-Comment"":""Metal"",""baseline-study-hours"":""8-9"",""baseline-study-location"":[""Coffee shop"",""Library"",""Home""],""baseline-study-motivation"":8}",,,,,
p3she5m9vrb,17091.0,,,0,,,,,
p3she5m9vrb,3261.0,math_distractor_lyrical,True,2,,,,,
p3she5m9vrb,1726.0,math_distractor_lyrical,True,0,,,,,
p3she5m9vrb,1743.0,math_distractor_lyrical,True,0,,,,,
p3she5m9vrb,1393.0,math_distractor_lyrical,True,2,,,,,
p3she5m9vrb,1460.0,math_distractor_lyrical,True,3,,,,,
p3she5m9vrb,1925.0,ooo_distractor_lyrical,True,0,,,,,
p3she5m9vrb,1694.0,ooo_distractor_lyrical,True,3,,,,,
p3she5m9vrb,1475.0,ooo_distractor_lyrical,True,0,,,,,
p3she5m9vrb,2023.0,ooo_distractor_lyrical,True,0,,,,,
p3she5m9vrb,1918.0,ooo_distractor_lyrical,True,0,,,,,
p3she5m9vrb,19436.0,recall_lyrical,,"{""selected_answers"":[""apple"",""table"",""sun"",""flower"",""bridge"",""pathway""]}",0.6,0.4,[],0.0,"[""moon"",""stone"",""forest"",""cloud""]"
p3she5m9vrb,2077.0,,,0,,,,,
p3she5m9vrb,6236.0,math_distractor_instrumental,True,3,,,,,
p3she5m9vrb,1692.0,math_distractor_instrumental,True,2,,,,,
p3she5m9vrb,1643.0,math_distractor_instrumental,True,3,,,,,
p3she5m9vrb,4945.0,math_distractor_instrumental,True,2,,,,,
p3she5m9vrb,1830.0,math_distractor_instrumental,True,1,,,,,
p3she5m9vrb,1935.0,ooo_distractor_instrumental,True,1,,,,,
p3she5m9vrb,2547.0,ooo_distractor_instrumental,True,2,,,,,
p3she5m9vrb,1517.0,ooo_distractor_instrumental,True,0,,,,,
p3she5m9vrb,2569.0,ooo_distractor_instrumental,True,0,,,,,
p3she5m9vrb,2100.0,ooo_distractor_instrumental,True,3,,,,,
p3she5m9vrb,28372.0,recall_instrumental,,"{""selected_answers"":[""remote"",""piano"",""mountain"",""candle"",""lamp"",""journal""]}",0.4545454545454545,0.5,"[""remote""]",0.1666666666666666,"[""book"",""harbor"",""car"",""radio"",""road""]"
p3she5m9vrb,1797.0,,,0,,,,,
p3she5m9vrb,1553.0,math_distractor_silence,True,1,,,,,
p3she5m9vrb,1927.0,math_distractor_silence,True,3,,,,,
p3she5m9vrb,6393.0,math_distractor_silence,True,0,,,,,
p3she5m9vrb,1543.0,math_distractor_silence,True,2,,,,,
p3she5m9vrb,1516.0,math_distractor_silence,True,1,,,,,
p3she5m9vrb,2281.0,ooo_distractor_silence,True,1,,,,,
p3she5m9vrb,1926.0,ooo_distractor_silence,False,3,,,,,
p3she5m9vrb,2098.0,ooo_distractor_silence,True,2,,,,,
p3she5m9vrb,2194.0,ooo_distractor_silence,True,0,,,,,
p3she5m9vrb,2030.0,ooo_distractor_silence,True,1,,,,,
p3she5m9vrb,14175.0,recall_silence,,"{""selected_answers"":[""canvas"",""meadow"",""riverbank"",""shadow"",""statue"",""planet""]}",0.4545454545454545,0.5,"[""shadow""]",0.1666666666666666,"[""basket"",""parade"",""fountain"",""saddle"",""tower""]"
p3she5m9vrb,1796.0,,,0,,,,,
p3she5m9vrb,2396.0,math_distractor_upbeat_instrumental,True,2,,,,,
p3she5m9vrb,1658.0,math_distractor_upbeat_instrumental,True,3,,,,,
p3she5m9vrb,6043.0,math_distractor_upbeat_instrumental,True,2,,,,,
p3she5m9vrb,3595.0,math_distractor_upbeat_instrumental,True,1,,,,,
p3she5m9vrb,1912.0,math_distractor_upbeat_instrumental,True,3,,,,,
p3she5m9vrb,4165.0,ooo_distractor_upbeat_instrumental,True,3,,,,,
p3she5m9vrb,2283.0,ooo_distractor_upbeat_instrumental,True,2,,,,,
p3she5m9vrb,4478.0,ooo_distractor_upbeat_instrumental,True,2,,,,,
p3she5m9vrb,1744.0,ooo_distractor_upbeat_instrumental,True,2,,,,,
p3she5m9vrb,1518.0,ooo_distractor_upbeat_instrumental,True,1,,,,,
p3she5m9vrb,22606.0,recall_upbeat_instrumental,,"{""selected_answers"":[""keyboard"",""computer"",""horizon"",""ceiling"",""window"",""suitcase"",""cup""]}",0.5454545454545454,0.4,"[""suitcase""]",0.1428571428571428,"[""tree"",""star"",""hill"",""train""]"
p3she5m9vrb,2696.0,,,0,,,,,
p3she5m9vrb,116037.0,,,"{""reflect-study-mood"":7,""reflect-study-motivation"":7,""motivation_ranking"":[""Upbeat Instrumental"",""Lyrical Music"",""Chill Instrumental"",""Silence""],""reflect-listening-device"":""Over-ear headphones"",""reflect-device"":""Phone"",""reflect-music-familiarity"":""One of them"",""reflect-music-opinion"":""I liked it, but I wouldn't use it for studying"",""reflect-music-likes"":""the upbeat instrumental music was good"",""reflect-feedback"":""i <3 jack"",""reflect-difficulties"":""my first attempt was cut short after trial one because i fat fingered the home button""}",,,,,
p5bhrpqwzpz,29062.0,,,0,,,,,
p5bhrpqwzpz,62177.0,,,"{""baseline-age"":20,""baseline-race"":[""Asian""],""baseline-listen-frequency"":""Often"",""baseline-listening-device"":""Earbuds"",""baseline-music-type"":[""Nature Sounds / White Noise""],""baseline-study-hours"":""8-9"",""baseline-study-location"":[""Library"",""Home"",""Coffee shop""],""baseline-study-motivation"":8}",,,,,
p5bhrpqwzpz,10834.0,,,0,,,,,
p5bhrpqwzpz,2032.0,math_distractor_lyrical,True,3,,,,,
p5bhrpqwzpz,1664.0,math_distractor_lyrical,True,2,,,,,
p5bhrpqwzpz,2107.0,math_distractor_lyrical,True,0,,,,,
p5bhrpqwzpz,2390.0,math_distractor_lyrical,True,2,,,,,
p5bhrpqwzpz,1413.0,math_distractor_lyrical,True,0,,,,,
p5bhrpqwzpz,3869.0,ooo_distractor_lyrical,True,3,,,,,
p5bhrpqwzpz,3142.0,ooo_distractor_lyrical,True,3,,,,,
p5bhrpqwzpz,2260.0,ooo_distractor_lyrical,True,2,,,,,
p5bhrpqwzpz,2350.0,ooo_distractor_lyrical,True,3,,,,,
p5bhrpqwzpz,4096.0,ooo_distractor_lyrical,True,1,,,,,
p5bhrpqwzpz,12336.0,recall_lyrical,,"{""selected_answers"":[""ceiling"",""horizon"",""stream"",""desk"",""star"",""desert"",""door"",""window"",""computer"",""hill""]}",1.0,0.0,[],0.0,[]
p5bhrpqwzpz,2558.0,,,0,,,,,
p5bhrpqwzpz,1934.0,math_distractor_upbeat_instrumental,True,1,,,,,
p5bhrpqwzpz,1566.0,math_distractor_upbeat_instrumental,True,3,,,,,
p5bhrpqwzpz,1542.0,math_distractor_upbeat_instrumental,True,2,,,,,
p5bhrpqwzpz,2294.0,math_distractor_upbeat_instrumental,True,2,,,,,
p5bhrpqwzpz,1495.0,math_distractor_upbeat_instrumental,True,2,,,,,
p5bhrpqwzpz,2613.0,ooo_distractor_upbeat_instrumental,True,1,,,,,
p5bhrpqwzpz,2115.0,ooo_distractor_upbeat_instrumental,True,0,,,,,
p5bhrpqwzpz,1889.0,ooo_distractor_upbeat_instrumental,True,3,,,,,
p5bhrpqwzpz,4570.0,ooo_distractor_upbeat_instrumental,True,1,,,,,
p5bhrpqwzpz,1824.0,ooo_distractor_upbeat_instrumental,True,1,,,,,
p5bhrpqwzpz,8895.0,recall_upbeat_instrumental,,"{""selected_answers"":[""glacier"",""lantern"",""saddle"",""planet"",""basket"",""parade"",""avenue"",""meadow""]}",0.8,0.2,[],0.0,"[""notebook"",""whistle""]"
p5bhrpqwzpz,1031.0,,,0,,,,,
p5bhrpqwzpz,1365.0,math_distractor_silence,True,3,,,,,
p5bhrpqwzpz,1727.0,math_distractor_silence,True,1,,,,,
p5bhrpqwzpz,1398.0,math_distractor_silence,True,0,,,,,
p5bhrpqwzpz,1583.0,math_distractor_silence,True,3,,,,,
p5bhrpqwzpz,1587.0,math_distractor_silence,True,1,,,,,
p5bhrpqwzpz,2027.0,ooo_distractor_silence,True,2,,,,,
p5bhrpqwzpz,1769.0,ooo_distractor_silence,True,0,,,,,
p5bhrpqwzpz,2464.0,ooo_distractor_silence,True,2,,,,,
p5bhrpqwzpz,2348.0,ooo_distractor_silence,True,2,,,,,
p5bhrpqwzpz,1866.0,ooo_distractor_silence,True,1,,,,,
p5bhrpqwzpz,27225.0,recall_silence,,"{""selected_answers"":[""bridge"",""dog"",""blanket"",""forest"",""pencil"",""cloud""]}",0.4545454545454545,0.5,"[""blanket""]",0.1666666666666666,"[""moon"",""stone"",""flower"",""pathway"",""river""]"
p5bhrpqwzpz,1046.0,,,0,,,,,
p5bhrpqwzpz,1328.0,math_distractor_instrumental,True,1,,,,,
p5bhrpqwzpz,1630.0,math_distractor_instrumental,True,3,,,,,
p5bhrpqwzpz,1212.0,math_distractor_instrumental,True,3,,,,,
p5bhrpqwzpz,2096.0,math_distractor_instrumental,True,2,,,,,
p5bhrpqwzpz,1308.0,math_distractor_instrumental,True,2,,,,,
p5bhrpqwzpz,2679.0,ooo_distractor_instrumental,True,1,,,,,
p5bhrpqwzpz,1712.0,ooo_distractor_instrumental,True,0,,,,,
p5bhrpqwzpz,2324.0,ooo_distractor_instrumental,False,2,,,,,
p5bhrpqwzpz,3228.0,ooo_distractor_instrumental,True,1,,,,,
p5bhrpqwzpz,3551.0,ooo_distractor_instrumental,True,3,,,,,
p5bhrpqwzpz,13532.0,recall_instrumental,,"{""selected_answers"":[""radio"",""phone"",""mirror"",""mouse"",""harbor"",""road""]}",0.6,0.4,[],0.0,"[""mountain"",""ocean"",""lamp"",""book""]"
p5bhrpqwzpz,5869.0,,,0,,,,,
p5bhrpqwzpz,63551.0,,,"{""reflect-study-mood"":9,""reflect-study-motivation"":8,""motivation_ranking"":[""Chill Instrumental"",""Upbeat Instrumental"",""Lyrical Music"",""Silence""],""reflect-listening-device"":""Earbuds"",""reflect-device"":""Laptop"",""reflect-music-familiarity"":""Neither"",""reflect-music-opinion"":""I liked it, but I wouldn't use it for studying"",""reflect-music-likes"":""Both"",""reflect-difficulties"":""No"",""reflect-feedback"":""No""}",,,,,
p2jjxlzfqaj,9872.0,,,0,,,,,
p2jjxlzfqaj,50816.0,,,"{""baseline-age"":25,""baseline-race"":[""White""],""baseline-listen-frequency"":""Sometimes"",""baseline-listening-device"":""Speakers/Out loud"",""baseline-music-type"":[""Classical"",""Lo-fi / Chillhop"",""Hip-Hop / Rap"",""Podcasts / Spoken Word"",""other""],""baseline-music-type-Comment"":""Punk"",""baseline-study-hours"":""10+"",""baseline-study-location"":[""Coffee shop"",""Home""],""baseline-study-motivation"":7}",,,,,
p2jjxlzfqaj,8443.0,,,0,,,,,
p2jjxlzfqaj,2205.0,math_distractor_silence,True,2,,,,,
p2jjxlzfqaj,2381.0,math_distractor_silence,True,1,,,,,
p2jjxlzfqaj,6517.0,math_distractor_silence,True,1,,,,,
p2jjxlzfqaj,1424.0,math_distractor_silence,True,3,,,,,
p2jjxlzfqaj,1311.0,math_distractor_silence,False,0,,,,,
p2jjxlzfqaj,2315.0,ooo_distractor_silence,True,0,,,,,
p2jjxlzfqaj,1843.0,ooo_distractor_silence,True,2,,,,,
p2jjxlzfqaj,4191.0,ooo_distractor_silence,True,3,,,,,
p2jjxlzfqaj,1830.0,ooo_distractor_silence,True,3,,,,,
p2jjxlzfqaj,3441.0,ooo_distractor_silence,True,0,,,,,
p2jjxlzfqaj,23344.0,recall_silence,,"{""selected_answers"":[""table"",""house"",""river"",""bridge"",""flower"",""dog"",""forest"",""chair"",""breeze""]}",0.7272727272727273,0.2,"[""breeze""]",0.1111111111111111,"[""moon"",""sun""]"
p2jjxlzfqaj,2115.0,,,0,,,,,
p2jjxlzfqaj,1802.0,math_distractor_upbeat_instrumental,True,0,,,,,
p2jjxlzfqaj,10707.0,math_distractor_upbeat_instrumental,False,2,,,,,
p2jjxlzfqaj,2208.0,math_distractor_upbeat_instrumental,True,3,,,,,
p2jjxlzfqaj,1175.0,math_distractor_upbeat_instrumental,True,1,,,,,
p2jjxlzfqaj,1320.0,math_distractor_upbeat_instrumental,True,3,,,,,
p2jjxlzfqaj,3754.0,ooo_distractor_upbeat_instrumental,True,3,,,,,
p2jjxlzfqaj,3431.0,ooo_distractor_upbeat_instrumental,False,3,,,,,
p2jjxlzfqaj,3331.0,ooo_distractor_upbeat_instrumental,True,1,,,,,
p2jjxlzfqaj,3439.0,ooo_distractor_upbeat_instrumental,True,3,,,,,
p2jjxlzfqaj,1783.0,ooo_distractor_upbeat_instrumental,True,2,,,,,
p2jjxlzfqaj,35380.0,recall_upbeat_instrumental,,"{""selected_answers"":[""glacier"",""statue"",""riverbank"",""basket"",""stopwatch"",""telescope"",""saddle""]}",0.4166666666666667,0.5,"[""stopwatch"",""telescope""]",0.2857142857142857,"[""lantern"",""tower"",""parade"",""fountain"",""planet""]"
p2jjxlzfqaj,944.0,,,0,,,,,
p2jjxlzfqaj,3037.0,math_distractor_lyrical,True,3,,,,,
p2jjxlzfqaj,2784.0,math_distractor_lyrical,True,2,,,,,
p2jjxlzfqaj,1649.0,math_distractor_lyrical,False,2,,,,,
p2jjxlzfqaj,2822.0,math_distractor_lyrical,True,3,,,,,
p2jjxlzfqaj,5616.0,math_distractor_lyrical,True,2,,,,,
p2jjxlzfqaj,1684.0,ooo_distractor_lyrical,True,1,,,,,
p2jjxlzfqaj,1883.0,ooo_distractor_lyrical,True,3,,,,,
p2jjxlzfqaj,1907.0,ooo_distractor_lyrical,True,3,,,,,
p2jjxlzfqaj,1896.0,ooo_distractor_lyrical,True,3,,,,,
p2jjxlzfqaj,2905.0,ooo_distractor_lyrical,True,2,,,,,
p2jjxlzfqaj,16579.0,recall_lyrical,,"{""selected_answers"":[""book"",""car"",""valley"",""road"",""candle"",""umbrella"",""harbor"",""piano""]}",0.6363636363636364,0.3,"[""umbrella""]",0.125,"[""lamp"",""mirror"",""mouse""]"
p2jjxlzfqaj,1250.0,,,0,,,,,
p2jjxlzfqaj,3920.0,math_distractor_instrumental,True,2,,,,,
p2jjxlzfqaj,3706.0,math_distractor_instrumental,True,2,,,,,
p2jjxlzfqaj,1324.0,math_distractor_instrumental,True,2,,,,,
p2jjxlzfqaj,1664.0,math_distractor_instrumental,True,3,,,,,
p2jjxlzfqaj,1600.0,math_distractor_instrumental,True,0,,,,,
p2jjxlzfqaj,2297.0,ooo_distractor_instrumental,True,3,,,,,
p2jjxlzfqaj,2856.0,ooo_distractor_instrumental,False,2,,,,,
p2jjxlzfqaj,3744.0,ooo_distractor_instrumental,True,3,,,,,
p2jjxlzfqaj,4155.0,ooo_distractor_instrumental,True,0,,,,,
p2jjxlzfqaj,3326.0,ooo_distractor_instrumental,True,0,,,,,
p2jjxlzfqaj,17238.0,recall_instrumental,,"{""selected_answers"":[""guitar"",""desk"",""keyboard"",""stream"",""horizon"",""desert"",""door""]}",0.7,0.3,[],0.0,"[""hill"",""tree"",""cup""]"
p2jjxlzfqaj,3738.0,,,0,,,,,
p2jjxlzfqaj,77610.0,,,"{""reflect-study-mood"":10,""reflect-study-motivation"":5,""motivation_ranking"":[""Silence"",""Chill Instrumental"",""Lyrical Music"",""Upbeat Instrumental""],""reflect-listening-device"":""Speakers/Out loud"",""reflect-device"":""Laptop"",""reflect-music-familiarity"":""Both of them"",""reflect-music-opinion"":""I liked it, but I wouldn't use it for studying"",""reflect-music-likes"":""Blondie would go into the rotation, don't think that House beat could make me do anything except bop. "",""reflect-difficulties"":""No"",""reflect-feedback"":""No""}",,,,,
ps70rke1e0r,6359.0,,,0,,,,,
ps70rke1e0r,51917.0,,,"{""baseline-age"":21,""baseline-race"":[""White""],""baseline-listen-frequency"":""Sometimes"",""baseline-listening-device"":""Earbuds"",""baseline-music-type"":[""Lo-fi / Chillhop"",""other""],""baseline-music-type-Comment"":""Christian Worship Music"",""baseline-study-hours"":""4-5"",""baseline-study-location"":[""Home"",""Coffee shop""],""baseline-study-motivation"":5}",,,,,
ps70rke1e0r,7542.0,,,0,,,,,
ps70rke1e0r,2271.0,math_distractor,True,1,,,,,
ps70rke1e0r,2975.0,math_distractor,True,1,,,,,
ps70rke1e0r,1827.0,math_distractor,True,1,,,,,
ps70rke1e0r,2958.0,,True,1,,,,,
ps70rke1e0r,13604.0,recall_vocal,,"{""selected_words"":[""mountain"",""lamp"",""harbor"",""road"",""candle""]}",0.8333333333333334,,,,
ps70rke1e0r,1658.0,math_distractor,True,1,,,,,
ps70rke1e0r,1245.0,math_distractor,True,1,,,,,
ps70rke1e0r,1062.0,math_distractor,True,1,,,,,
ps70rke1e0r,1893.0,,True,1,,,,,
ps70rke1e0r,11530.0,recall_instrumental,,"{""selected_words"":[""sun"",""table"",""cloud"",""pencil""]}",0.6666666666666666,,,,
ps70rke1e0r,1511.0,math_distractor,True,1,,,,,
ps70rke1e0r,1145.0,math_distractor,True,1,,,,,
ps70rke1e0r,862.0,math_distractor,True,1,,,,,
ps70rke1e0r,1628.0,,True,0,,,,,
ps70rke1e0r,12316.0,recall_silence,,"{""selected_words"":[""pillow"",""desk"",""guitar"",""pebble""]}",0.6666666666666666,,,,
ps70rke1e0r,34509.0,,,"{""reflect-study-mood"":8,""reflect-study-motivation"":10,""reflect-listening-device"":""Speakers/Out loud"",""reflect-music-familiarity"":""Neither"",""reflect-music-opinion"":""I liked it and would use it for studying"",""reflect-music-likes"":""I liked the second one (instrumental) and the silence the best. "",""reflect-difficulties"":null,""reflect-feedback"":null}",,,,,
pzebk8mndxy,2575.0,,,0,,,,,
pzebk8mndxy,73655.0,,,"{""baseline-age"":21,""baseline-race"":[""Middle Eastern or North African""],""baseline-listen-frequency"":""Often"",""baseline-listening-device"":""Earbuds"",""baseline-music-type"":[""Classical"",""Lo-fi / Chillhop"",""Jazz"",""Pop"",""Rock"",""R&B / Soul"",""Hip-Hop / Rap""],""baseline-study-hours"":""10+"",""baseline-study-location"":[""Home""],""baseline-study-motivation"":9}",,,,,
pzebk8mndxy,35971.0,,,0,,,,,
pzebk8mndxy,3108.0,math_distractor_silence,True,3,,,,,
pzebk8mndxy,5308.0,math_distractor_silence,False,0,,,,,
pzebk8mndxy,3026.0,math_distractor_silence,True,3,,,,,
pzebk8mndxy,4016.0,math_distractor_silence,True,0,,,,,
pzebk8mndxy,21950.0,math_distractor_silence,True,2,,,,,
pzebk8mndxy,5428.0,ooo_distractor_silence,True,2,,,,,
pzebk8mndxy,6122.0,ooo_distractor_silence,True,2,,,,,
pzebk8mndxy,5296.0,ooo_distractor_silence,True,2,,,,,
pzebk8mndxy,1776.0,ooo_distractor_silence,True,1,,,,,
pzebk8mndxy,3701.0,ooo_distractor_silence,True,1,,,,,
pzebk8mndxy,30581.0,recall_silence,,"{""selected_answers"":[""lamp"",""phone"",""mountain"",""radio"",""piano"",""mouse"",""mirror"",""road"",""journal""]}",0.9,0.1,[],0.0,"[""book""]"
pzebk8mndxy,137765.0,,,0,,,,,
pzebk8mndxy,2334.0,math_distractor_lyrical,True,1,,,,,
pzebk8mndxy,2208.0,math_distractor_lyrical,True,0,,,,,
pzebk8mndxy,6584.0,math_distractor_lyrical,True,3,,,,,
pzebk8mndxy,7165.0,math_distractor_lyrical,True,1,,,,,
pzebk8mndxy,2589.0,math_distractor_lyrical,True,0,,,,,
pzebk8mndxy,2712.0,ooo_distractor_lyrical,True,0,,,,,
pzebk8mndxy,3992.0,ooo_distractor_lyrical,True,1,,,,,
pzebk8mndxy,2641.0,ooo_distractor_lyrical,True,0,,,,,
pzebk8mndxy,4604.0,ooo_distractor_lyrical,True,0,,,,,
pzebk8mndxy,3331.0,ooo_distractor_lyrical,True,3,,,,,
pzebk8mndxy,27009.0,recall_lyrical,,"{""selected_answers"":[""pencil"",""pathway"",""apple"",""cloud"",""flower"",""lighthouse"",""table"",""chair"",""bridge""]}",0.7272727272727273,0.2,"[""lighthouse""]",0.1111111111111111,"[""sun"",""dog""]"
pzebk8mndxy,1778181.0,,,0,,,,,
pzebk8mndxy,6125.0,math_distractor_instrumental,False,0,,,,,
pzebk8mndxy,6253.0,math_distractor_instrumental,True,3,,,,,
pzebk8mndxy,3252.0,math_distractor_instrumental,True,1,,,,,
pzebk8mndxy,3943.0,math_distractor_instrumental,False,0,,,,,
pzebk8mndxy,25261.0,math_distractor_instrumental,True,2,,,,,
pzebk8mndxy,4781.0,ooo_distractor_instrumental,True,1,,,,,
pzebk8mndxy,5643.0,ooo_distractor_instrumental,True,0,,,,,
pzebk8mndxy,2070.0,ooo_distractor_instrumental,True,3,,,,,
pzebk8mndxy,4913.0,ooo_distractor_instrumental,True,1,,,,,
pzebk8mndxy,2880.0,ooo_distractor_instrumental,True,1,,,,,
pzebk8mndxy,14953.0,recall_instrumental,,"{""selected_answers"":[""door"",""tree"",""computer"",""train"",""star"",""guitar"",""plank"",""ceiling"",""hill""]}",0.7272727272727273,0.2,"[""plank""]",0.1111111111111111,"[""window"",""desert""]"
pzebk8mndxy,2156.0,,,0,,,,,
pzebk8mndxy,9487.0,math_distractor_upbeat_instrumental,True,2,,,,,
pzebk8mndxy,5875.0,math_distractor_upbeat_instrumental,True,2,,,,,
pzebk8mndxy,5097.0,math_distractor_upbeat_instrumental,True,3,,,,,
pzebk8mndxy,9591.0,math_distractor_upbeat_instrumental,True,1,,,,,
pzebk8mndxy,5954.0,math_distractor_upbeat_instrumental,False,0,,,,,
pzebk8mndxy,3119.0,ooo_distractor_upbeat_instrumental,True,2,,,,,
pzebk8mndxy,3763.0,ooo_distractor_upbeat_instrumental,True,2,,,,,
pzebk8mndxy,4803.0,ooo_distractor_upbeat_instrumental,False,3,,,,,
pzebk8mndxy,3460.0,ooo_distractor_upbeat_instrumental,True,1,,,,,
pzebk8mndxy,2380.0,ooo_distractor_upbeat_instrumental,True,3,,,,,
pzebk8mndxy,18403.0,recall_upbeat_instrumental,,"{""selected_answers"":[""canvas"",""saddle"",""glacier"",""notebook"",""avenue"",""lantern"",""echo"",""tower"",""clipboard"",""ruler""]}",0.5384615384615384,0.3,"[""echo"",""clipboard"",""ruler""]",0.3,"[""statue"",""whistle"",""riverbank""]"
pzebk8mndxy,1328.0,,,0,,,,,
pzebk8mndxy,64127.0,,,"{""reflect-study-mood"":6,""reflect-study-motivation"":2,""motivation_ranking"":[""Lyrical Music"",""Chill Instrumental"",""Upbeat Instrumental"",""Silence""],""reflect-listening-device"":""Earbuds"",""reflect-device"":""Laptop"",""reflect-music-familiarity"":""One of them"",""reflect-music-opinion"":""I liked it, but I wouldn't use it for studying"",""reflect-music-likes"":""I only liked the first one "",""reflect-difficulties"":null,""reflect-feedback"":null}",,,,,
pr5qb52kpv1,18297.0,,,0,,,,,
pr5qb52kpv1,70325.0,,,"{""baseline-race"":[""Hispanic, Latino, or Spanish Origin""],""baseline-age"":18,""baseline-listen-frequency"":""Sometimes"",""baseline-listening-device"":""Earbuds"",""baseline-music-type"":[""Latin / Reggaeton"",""Hip-Hop / Rap"",""Pop""],""baseline-study-hours"":""4-5"",""baseline-study-location"":[""Library"",""Home""],""baseline-study-motivation"":6}",,,,,
pr5qb52kpv1,10229.0,,,0,,,,,
pr5qb52kpv1,2904.0,math_distractor_instrumental,True,3,,,,,
pr5qb52kpv1,2295.0,math_distractor_instrumental,True,3,,,,,
pr5qb52kpv1,7335.0,math_distractor_instrumental,True,2,,,,,
pr5qb52kpv1,1921.0,math_distractor_instrumental,True,3,,,,,
pr5qb52kpv1,1966.0,math_distractor_instrumental,False,2,,,,,
pr5qb52kpv1,2866.0,ooo_distractor_instrumental,True,1,,,,,
pr5qb52kpv1,2437.0,ooo_distractor_instrumental,True,1,,,,,
pr5qb52kpv1,1695.0,ooo_distractor_instrumental,True,2,,,,,
pr5qb52kpv1,3610.0,ooo_distractor_instrumental,False,3,,,,,
pr5qb52kpv1,2379.0,ooo_distractor_instrumental,True,3,,,,,
pr5qb52kpv1,26881.0,recall_instrumental,,"{""selected_answers"":[""door"",""window"",""train"",""star"",""cup"",""desk"",""keyboard"",""stream""]}",0.8,0.2,[],0.0,"[""ceiling"",""horizon""]"
pr5qb52kpv1,2627.0,,,0,,,,,
pr5qb52kpv1,2475.0,math_distractor_lyrical,True,2,,,,,
pr5qb52kpv1,19837.0,math_distractor_lyrical,True,3,,,,,
pr5qb52kpv1,8668.0,math_distractor_lyrical,True,0,,,,,
pr5qb52kpv1,8213.0,math_distractor_lyrical,False,1,,,,,
pr5qb52kpv1,22393.0,math_distractor_lyrical,True,2,,,,,
pr5qb52kpv1,4978.0,ooo_distractor_lyrical,True,2,,,,,
pr5qb52kpv1,3492.0,ooo_distractor_lyrical,True,1,,,,,
pr5qb52kpv1,6316.0,ooo_distractor_lyrical,True,2,,,,,
pr5qb52kpv1,2692.0,ooo_distractor_lyrical,True,1,,,,,
pr5qb52kpv1,5214.0,ooo_distractor_lyrical,True,2,,,,,
pr5qb52kpv1,18637.0,recall_lyrical,,"{""selected_answers"":[""mouse"",""lamp"",""ocean"",""mirror"",""book"",""mountain""]}",0.6,0.4,[],0.0,"[""road"",""journal"",""phone"",""valley""]"
pr5qb52kpv1,1446.0,,,0,,,,,
pr5qb52kpv1,3862.0,math_distractor_upbeat_instrumental,True,2,,,,,
pr5qb52kpv1,3127.0,math_distractor_upbeat_instrumental,True,1,,,,,
pr5qb52kpv1,1916.0,math_distractor_upbeat_instrumental,True,1,,,,,
pr5qb52kpv1,1795.0,math_distractor_upbeat_instrumental,True,2,,,,,
pr5qb52kpv1,1465.0,math_distractor_upbeat_instrumental,True,1,,,,,
pr5qb52kpv1,2145.0,ooo_distractor_upbeat_instrumental,True,1,,,,,
pr5qb52kpv1,2349.0,ooo_distractor_upbeat_instrumental,True,2,,,,,
pr5qb52kpv1,2109.0,ooo_distractor_upbeat_instrumental,True,0,,,,,
pr5qb52kpv1,1862.0,ooo_distractor_upbeat_instrumental,True,0,,,,,
pr5qb52kpv1,2381.0,ooo_distractor_upbeat_instrumental,True,1,,,,,
pr5qb52kpv1,31335.0,recall_upbeat_instrumental,,"{""selected_answers"":[""moon"",""apple"",""bridge"",""pencil"",""stone""]}",0.5,0.5,[],0.0,"[""forest"",""pathway"",""flower"",""sun"",""house""]"
pr5qb52kpv1,1564.0,,,0,,,,,
pr5qb52kpv1,8404.0,math_distractor_silence,True,1,,,,,
pr5qb52kpv1,2464.0,math_distractor_silence,True,0,,,,,
pr5qb52kpv1,2211.0,math_distractor_silence,True,3,,,,,
pr5qb52kpv1,1830.0,math_distractor_silence,True,2,,,,,
pr5qb52kpv1,23532.0,math_distractor_silence,True,2,,,,,
pr5qb52kpv1,3059.0,ooo_distractor_silence,True,2,,,,,
pr5qb52kpv1,5245.0,ooo_distractor_silence,True,1,,,,,
pr5qb52kpv1,2246.0,ooo_distractor_silence,True,2,,,,,
pr5qb52kpv1,2477.0,ooo_distractor_silence,True,0,,,,,
pr5qb52kpv1,4446.0,ooo_distractor_silence,True,1,,,,,
pr5qb52kpv1,20724.0,recall_silence,,"{""selected_answers"":[""riverbank"",""whistle"",""statue"",""remote"",""lantern"",""fountain""]}",0.4545454545454545,0.5,"[""remote""]",0.1666666666666666,"[""canvas"",""planet"",""avenue"",""meadow"",""basket""]"
pr5qb52kpv1,7005.0,,,0,,,,,
pr5qb52kpv1,123561.0,,,"{""reflect-study-mood"":5,""reflect-study-motivation"":4,""motivation_ranking"":[""Chill Instrumental"",""Silence"",""Lyrical Music"",""Upbeat Instrumental""],""reflect-listening-device"":""Earbuds"",""reflect-device"":""Phone"",""reflect-music-familiarity"":""One of them"",""reflect-music-opinion"":""I liked it and would use it for studying"",""reflect-music-likes"":""I liked both tracks the first one that played and the second one."",""reflect-difficulties"":""N/A"",""reflect-feedback"":""N/A""}",,,,,
ptn21ywmnxy,8544.0,,,0,,,,,
ptn21ywmnxy,44309.0,,,"{""baseline-age"":20,""baseline-race"":[""White""],""baseline-listen-frequency"":""Sometimes"",""baseline-listening-device"":""Over-ear headphones"",""baseline-music-type"":[""Classical"",""Jazz"",""Rock""],""baseline-study-hours"":""4-5"",""baseline-study-location"":[""Coffee shop"",""Home"",""Library""],""baseline-study-motivation"":5}",,,,,
ptn21ywmnxy,13498.0,,,0,,,,,
ptn21ywmnxy,2288.0,math_distractor_silence,False,2,,,,,
ptn21ywmnxy,8670.0,math_distractor_silence,True,3,,,,,
ptn21ywmnxy,3306.0,math_distractor_silence,True,2,,,,,
ptn21ywmnxy,8415.0,math_distractor_silence,True,2,,,,,
ptn21ywmnxy,4399.0,math_distractor_silence,True,2,,,,,
ptn21ywmnxy,4728.0,ooo_distractor_silence,False,0,,,,,
ptn21ywmnxy,3468.0,ooo_distractor_silence,False,3,,,,,
ptn21ywmnxy,2712.0,ooo_distractor_silence,True,0,,,,,
ptn21ywmnxy,1535.0,ooo_distractor_silence,True,0,,,,,
ptn21ywmnxy,2910.0,ooo_distractor_silence,True,3,,,,,
ptn21ywmnxy,15748.0,recall_silence,,"{""selected_answers"":[""parade"",""avenue"",""riverbank"",""notebook"",""meadow"",""fountain"",""basket""]}",0.7,0.3,[],0.0,"[""whistle"",""planet"",""lantern""]"
ptn21ywmnxy,6273.0,,,0,,,,,
ptn21ywmnxy,2023.0,math_distractor_lyrical,True,1,,,,,
ptn21ywmnxy,2094.0,math_distractor_lyrical,True,2,,,,,
ptn21ywmnxy,1453.0,math_distractor_lyrical,True,3,,,,,
ptn21ywmnxy,3346.0,math_distractor_lyrical,True,2,,,,,
ptn21ywmnxy,1711.0,math_distractor_lyrical,True,0,,,,,
ptn21ywmnxy,3488.0,ooo_distractor_lyrical,True,1,,,,,
ptn21ywmnxy,2195.0,ooo_distractor_lyrical,True,3,,,,,
ptn21ywmnxy,2102.0,ooo_distractor_lyrical,True,3,,,,,
ptn21ywmnxy,2092.0,ooo_distractor_lyrical,True,3,,,,,
ptn21ywmnxy,2469.0,ooo_distractor_lyrical,True,0,,,,,
ptn21ywmnxy,14251.0,recall_lyrical,,"{""selected_answers"":[""whisper"",""door"",""computer"",""horizon"",""desert"",""guitar"",""keyboard"",""clipboard""]}",0.5,0.4,"[""whisper"",""clipboard""]",0.25,"[""cup"",""train"",""ceiling"",""star""]"
ptn21ywmnxy,5588.0,,,0,,,,,
ptn21ywmnxy,2806.0,math_distractor_instrumental,True,1,,,,,
ptn21ywmnxy,7390.0,math_distractor_instrumental,True,1,,,,,
ptn21ywmnxy,9504.0,math_distractor_instrumental,True,1,,,,,
ptn21ywmnxy,2889.0,math_distractor_instrumental,True,3,,,,,
ptn21ywmnxy,2011.0,math_distractor_instrumental,True,0,,,,,
ptn21ywmnxy,2162.0,ooo_distractor_instrumental,True,2,,,,,
ptn21ywmnxy,3984.0,ooo_distractor_instrumental,True,2,,,,,
ptn21ywmnxy,3372.0,ooo_distractor_instrumental,True,3,,,,,
ptn21ywmnxy,1925.0,ooo_distractor_instrumental,True,3,,,,,
ptn21ywmnxy,2236.0,ooo_distractor_instrumental,True,1,,,,,
ptn21ywmnxy,9636.0,recall_instrumental,,"{""selected_answers"":[""river"",""dog"",""chair"",""pathway""]}",0.4,0.6,[],0.0,"[""stone"",""forest"",""sun"",""bridge"",""flower"",""pencil""]"
ptn21ywmnxy,2684.0,,,0,,,,,
ptn21ywmnxy,3375.0,math_distractor_upbeat_instrumental,True,2,,,,,
ptn21ywmnxy,1545.0,math_distractor_upbeat_instrumental,True,3,,,,,
ptn21ywmnxy,2053.0,math_distractor_upbeat_instrumental,True,0,,,,,
ptn21ywmnxy,2382.0,math_distractor_upbeat_instrumental,True,2,,,,,
ptn21ywmnxy,1928.0,math_distractor_upbeat_instrumental,True,3,,,,,
ptn21ywmnxy,3099.0,ooo_distractor_upbeat_instrumental,True,3,,,,,
ptn21ywmnxy,2666.0,ooo_distractor_upbeat_instrumental,True,3,,,,,
ptn21ywmnxy,3323.0,ooo_distractor_upbeat_instrumental,True,1,,,,,
ptn21ywmnxy,2312.0,ooo_distractor_upbeat_instrumental,True,3,,,,,
ptn21ywmnxy,1893.0,ooo_distractor_upbeat_instrumental,True,2,,,,,
ptn21ywmnxy,13359.0,recall_upbeat_instrumental,,"{""selected_answers"":[""car"",""mouse"",""radio"",""mirror""]}",0.4,0.6,[],0.0,"[""phone"",""journal"",""candle"",""harbor"",""book"",""valley""]"
ptn21ywmnxy,4373.0,,,0,,,,,
ptn21ywmnxy,79525.0,,,"{""reflect-study-mood"":5,""reflect-study-motivation"":5,""motivation_ranking"":[""Silence"",""Lyrical Music"",""Upbeat Instrumental"",""Chill Instrumental""],""reflect-listening-device"":""Speakers/Out loud"",""reflect-device"":""Laptop"",""reflect-music-familiarity"":""One of them"",""reflect-music-opinion"":""I liked it, but I wouldn't use it for studying"",""reflect-music-likes"":""I'm sorry I don't remember. The lyrical music was nice, but all of them were nice. "",""reflect-difficulties"":""no"",""reflect-feedback"":""no""}",,,,,
p213h3m86k1,16942.0,,,0,,,,,
p213h3m86k1,41857.0,,,"{""baseline-age"":20,""baseline-race"":[""White""],""baseline-listen-frequency"":""Sometimes"",""baseline-listening-device"":""Earbuds"",""baseline-music-type"":[""Rock""],""baseline-study-hours"":""2-3"",""baseline-study-location"":[""Library""],""baseline-study-motivation"":7}",,,,,
p213h3m86k1,24859.0,,,0,,,,,
p213h3m86k1,4579.0,math_distractor_silence,True,2,,,,,
p213h3m86k1,2096.0,math_distractor_silence,True,3,,,,,
p213h3m86k1,1649.0,math_distractor_silence,True,0,,,,,
p213h3m86k1,1529.0,math_distractor_silence,True,1,,,,,
p213h3m86k1,2095.0,math_distractor_silence,True,3,,,,,
p213h3m86k1,3728.0,ooo_distractor_silence,True,3,,,,,
p213h3m86k1,2513.0,ooo_distractor_silence,True,1,,,,,
p213h3m86k1,1860.0,ooo_distractor_silence,True,3,,,,,
p213h3m86k1,1769.0,ooo_distractor_silence,True,1,,,,,
p213h3m86k1,2340.0,ooo_distractor_silence,True,3,,,,,
p213h3m86k1,23719.0,recall_silence,,"{""selected_answers"":[""guitar"",""desert"",""tree"",""door"",""desk"",""ceiling"",""hill"",""train"",""keyboard"",""horizon""]}",1.0,0.0,[],0.0,[]
p213h3m86k1,10704.0,,,0,,,,,
p213h3m86k1,2212.0,math_distractor_upbeat_instrumental,True,2,,,,,
p213h3m86k1,1981.0,math_distractor_upbeat_instrumental,True,3,,,,,
p213h3m86k1,1358.0,math_distractor_upbeat_instrumental,True,2,,,,,
p213h3m86k1,2331.0,math_distractor_upbeat_instrumental,True,2,,,,,
p213h3m86k1,1632.0,math_distractor_upbeat_instrumental,True,2,,,,,
p213h3m86k1,1633.0,ooo_distractor_upbeat_instrumental,True,0,,,,,
p213h3m86k1,2538.0,ooo_distractor_upbeat_instrumental,True,2,,,,,
p213h3m86k1,3679.0,ooo_distractor_upbeat_instrumental,False,0,,,,,
p213h3m86k1,2754.0,ooo_distractor_upbeat_instrumental,True,2,,,,,
p213h3m86k1,2118.0,ooo_distractor_upbeat_instrumental,True,0,,,,,
p213h3m86k1,24185.0,recall_upbeat_instrumental,,"{""selected_answers"":[""helmet"",""fountain"",""lantern"",""riverbank"",""tower"",""glacier"",""remote"",""notebook"",""meadow"",""statue""]}",0.6666666666666666,0.2,"[""helmet"",""remote""]",0.2,"[""basket"",""canvas""]"
p213h3m86k1,17294.0,,,0,,,,,
p213h3m86k1,1867.0,math_distractor_instrumental,True,2,,,,,
p213h3m86k1,1666.0,math_distractor_instrumental,True,0,,,,,
p213h3m86k1,1577.0,math_distractor_instrumental,True,3,,,,,
p213h3m86k1,2111.0,math_distractor_instrumental,True,0,,,,,
p213h3m86k1,1738.0,math_distractor_instrumental,True,1,,,,,
p213h3m86k1,3362.0,ooo_distractor_instrumental,True,1,,,,,
p213h3m86k1,1916.0,ooo_distractor_instrumental,True,1,,,,,
p213h3m86k1,2571.0,ooo_distractor_instrumental,True,1,,,,,
p213h3m86k1,3370.0,ooo_distractor_instrumental,True,2,,,,,
p213h3m86k1,2155.0,ooo_distractor_instrumental,True,2,,,,,
p213h3m86k1,20362.0,recall_instrumental,,"{""selected_answers"":[""river"",""cloud"",""moon"",""chair"",""house"",""bridge"",""forest"",""dog""]}",0.8,0.2,[],0.0,"[""pathway"",""flower""]"
p213h3m86k1,13707.0,,,0,,,,,
p213h3m86k1,2122.0,math_distractor_lyrical,True,3,,,,,
p213h3m86k1,2102.0,math_distractor_lyrical,True,1,,,,,
p213h3m86k1,3138.0,math_distractor_lyrical,True,1,,,,,
p213h3m86k1,1585.0,math_distractor_lyrical,True,3,,,,,
p213h3m86k1,1295.0,math_distractor_lyrical,True,2,,,,,
p213h3m86k1,2278.0,ooo_distractor_lyrical,True,0,,,,,
p213h3m86k1,4233.0,ooo_distractor_lyrical,True,3,,,,,
p213h3m86k1,1638.0,ooo_distractor_lyrical,True,0,,,,,
p213h3m86k1,1828.0,ooo_distractor_lyrical,True,2,,,,,
p213h3m86k1,1813.0,ooo_distractor_lyrical,True,1,,,,,
p213h3m86k1,33096.0,recall_lyrical,,"{""selected_answers"":[""mirror"",""book"",""radio"",""piano"",""mountain"",""lamp"",""marble"",""candle""]}",0.6363636363636364,0.3,"[""marble""]",0.125,"[""mouse"",""valley"",""road""]"
p213h3m86k1,13270.0,,,0,,,,,
p213h3m86k1,100860.0,,,"{""reflect-study-mood"":7,""reflect-study-motivation"":7,""motivation_ranking"":[""Silence"",""Chill Instrumental"",""Upbeat Instrumental"",""Lyrical Music""],""reflect-listening-device"":""Earbuds"",""reflect-device"":""Laptop"",""reflect-music-familiarity"":""One of them"",""reflect-music-opinion"":""I liked it, but I wouldn't use it for studying"",""reflect-music-likes"":""Did not like the upbeat instrumental music"",""reflect-difficulties"":""N/A"",""reflect-feedback"":""N/A - hopefully the order of all four is random to prevent bias""}",,,,,
px8xhr37kqe,1251.0,,,0,,,,,
px8xhr37kqe,55472.0,,,"{""baseline-age"":21,""baseline-race"":[""White""],""baseline-listen-frequency"":""Often"",""baseline-listening-device"":""Earbuds"",""baseline-music-type"":[""Nature Sounds / White Noise"",""other""],""baseline-music-type-Comment"":""Indie"",""baseline-study-location"":[""Home"",""Coffee shop"",""Library""],""baseline-study-hours"":""6-7"",""baseline-study-motivation"":7}",,,,,
px8xhr37kqe,18055.0,,,0,,,,,
px8xhr37kqe,2940.0,math_distractor,True,1,,,,,
px8xhr37kqe,2278.0,math_distractor,True,1,,,,,
px8xhr37kqe,2098.0,math_distractor,True,1,,,,,
px8xhr37kqe,3101.0,,True,0,,,,,
px8xhr37kqe,12320.0,recall_vocal,,"{""selected_words"":[""car"",""phone"",""ocean"",""guitar"",""valley""]}",0.8333333333333334,,,,
px8xhr37kqe,1712.0,math_distractor,True,1,,,,,
px8xhr37kqe,1464.0,math_distractor,True,1,,,,,
px8xhr37kqe,1265.0,math_distractor,True,1,,,,,
px8xhr37kqe,1430.0,,True,2,,,,,
px8xhr37kqe,11799.0,recall_silence,,"{""selected_words"":[""pillow"",""waterfall"",""cloud"",""echo"",""glasses""]}",0.25,,,,
px8xhr37kqe,1398.0,math_distractor,True,1,,,,,
px8xhr37kqe,1396.0,math_distractor,True,1,,,,,
px8xhr37kqe,1181.0,math_distractor,True,1,,,,,
px8xhr37kqe,1246.0,,True,3,,,,,
px8xhr37kqe,9970.0,recall_instrumental,,"{""selected_words"":[""ceiling"",""keyboard"",""shadow"",""window""]}",1.0,,,,
px8xhr37kqe,31011.0,,,"{""reflect-study-mood"":6,""reflect-study-motivation"":7,""reflect-listening-device"":""Speakers/Out loud"",""reflect-music-familiarity"":""One of them"",""reflect-music-opinion"":""I liked it, but I wouldn't use it for studying"",""reflect-music-likes"":""The second"",""reflect-difficulties"":null,""reflect-feedback"":null}",,,,,
pt6140msbgv,1424.0,,,0,,,,,
pt6140msbgv,62665.0,,,"{""baseline-age"":22,""baseline-race"":[""Hispanic, Latino, or Spanish Origin""],""baseline-listen-frequency"":""Always"",""baseline-listening-device"":""Earbuds"",""baseline-music-type"":[""Reggae"",""Hip-Hop / Rap"",""R&B / Soul"",""Rock"",""Pop"",""Classical"",""Jazz"",""Latin / Reggaeton""],""baseline-study-hours"":""8-9"",""baseline-study-location"":[""Home"",""Library""],""baseline-study-motivation"":6}",,,,,
pt6140msbgv,13270.0,,,0,,,,,
pt6140msbgv,2390.0,math_distractor,True,1,,,,,
pt6140msbgv,2281.0,math_distractor,True,1,,,,,
pt6140msbgv,1914.0,math_distractor,True,1,,,,,
pt6140msbgv,2951.0,,True,2,,,,,
pt6140msbgv,18021.0,recall_vocal,,"{""selected_words"":[""forest"",""cloud""]}",1.0,,,,
pt6140msbgv,1829.0,math_distractor,True,1,,,,,
pt6140msbgv,1965.0,math_distractor,True,1,,,,,
pt6140msbgv,1365.0,math_distractor,True,1,,,,,
pt6140msbgv,3564.0,,True,1,,,,,
pt6140msbgv,21614.0,recall_silence,,"{""selected_words"":[""mouse"",""radio"",""car"",""mirror"",""journal""]}",0.7142857142857143,,,,
pt6140msbgv,1877.0,math_distractor,True,1,,,,,
pt6140msbgv,1913.0,math_distractor,True,1,,,,,
pt6140msbgv,1298.0,math_distractor,True,1,,,,,
pt6140msbgv,1315.0,,True,1,,,,,
pt6140msbgv,13396.0,recall_instrumental,,"{""selected_words"":[""window"",""tree"",""door""]}",0.6,,,,
pt6140msbgv,65738.0,,,"{""reflect-study-mood"":7,""reflect-study-motivation"":5,""reflect-listening-device"":""Earbuds"",""reflect-music-familiarity"":""Neither"",""reflect-music-opinion"":""I liked it and would use it for studying"",""reflect-music-likes"":""Me like both"",""reflect-difficulties"":""I did not know music was playing until I turned the volume up. A notification or message before hand would have been helpful to know"",""reflect-feedback"":null}",,,,,
pqdwu2hv9v8,5263.0,,,0,,,,,
pqdwu2hv9v8,40195.0,,,"{""baseline-age"":24,""baseline-race"":[""White""],""baseline-listen-frequency"":""Often"",""baseline-listening-device"":""Earbuds"",""baseline-music-type"":[""Classical"",""Nature Sounds / White Noise"",""other""],""baseline-music-type-Comment"":""movie soundtracks"",""baseline-study-hours"":""6-7"",""baseline-study-location"":[""Home"",""Library""],""baseline-study-motivation"":4}",,,,,
pqdwu2hv9v8,7892.0,,,0,,,,,
pqdwu2hv9v8,1875.0,math_distractor_silence,True,2,,,,,
pqdwu2hv9v8,3881.0,math_distractor_silence,True,1,,,,,
pqdwu2hv9v8,1466.0,math_distractor_silence,True,3,,,,,
pqdwu2hv9v8,1277.0,math_distractor_silence,True,2,,,,,
pqdwu2hv9v8,1192.0,math_distractor_silence,True,2,,,,,
pqdwu2hv9v8,2472.0,ooo_distractor_silence,True,3,,,,,
pqdwu2hv9v8,2638.0,ooo_distractor_silence,True,1,,,,,
pqdwu2hv9v8,1948.0,ooo_distractor_silence,True,1,,,,,
pqdwu2hv9v8,2250.0,ooo_distractor_silence,True,2,,,,,
pqdwu2hv9v8,6068.0,ooo_distractor_silence,True,3,,,,,
pqdwu2hv9v8,16347.0,recall_silence,,"{""selected_answers"":[""piano"",""journal"",""harbor"",""mirror"",""candle"",""phone"",""valley"",""road"",""lamp""]}",0.9,0.1,[],0.0,"[""car""]"
pqdwu2hv9v8,14315.0,,,0,,,,,
pqdwu2hv9v8,3833.0,math_distractor_upbeat_instrumental,True,2,,,,,
pqdwu2hv9v8,1502.0,math_distractor_upbeat_instrumental,True,3,,,,,
pqdwu2hv9v8,1577.0,math_distractor_upbeat_instrumental,True,3,,,,,
pqdwu2hv9v8,1743.0,math_distractor_upbeat_instrumental,True,0,,,,,
pqdwu2hv9v8,1417.0,math_distractor_upbeat_instrumental,True,2,,,,,
pqdwu2hv9v8,1759.0,ooo_distractor_upbeat_instrumental,False,0,,,,,
pqdwu2hv9v8,2779.0,ooo_distractor_upbeat_instrumental,True,1,,,,,
pqdwu2hv9v8,6540.0,ooo_distractor_upbeat_instrumental,True,2,,,,,
pqdwu2hv9v8,2235.0,ooo_distractor_upbeat_instrumental,True,1,,,,,
pqdwu2hv9v8,2497.0,ooo_distractor_upbeat_instrumental,True,3,,,,,
pqdwu2hv9v8,18095.0,recall_upbeat_instrumental,,"{""selected_answers"":[""hill"",""window"",""horizon"",""flashlight"",""stream"",""cup"",""train"",""keyboard"",""desert"",""tree""]}",0.8181818181818182,0.1,"[""flashlight""]",0.1,"[""guitar""]"
pqdwu2hv9v8,7272.0,,,0,,,,,
pqdwu2hv9v8,1887.0,math_distractor_lyrical,True,1,,,,,
pqdwu2hv9v8,1175.0,math_distractor_lyrical,True,2,,,,,
pqdwu2hv9v8,1299.0,math_distractor_lyrical,True,3,,,,,
pqdwu2hv9v8,1639.0,math_distractor_lyrical,False,2,,,,,
pqdwu2hv9v8,2980.0,math_distractor_lyrical,True,1,,,,,
pqdwu2hv9v8,1437.0,ooo_distractor_lyrical,True,1,,,,,
pqdwu2hv9v8,2162.0,ooo_distractor_lyrical,True,1,,,,,
pqdwu2hv9v8,1961.0,ooo_distractor_lyrical,True,0,,,,,
pqdwu2hv9v8,1431.0,ooo_distractor_lyrical,True,0,,,,,
pqdwu2hv9v8,1365.0,ooo_distractor_lyrical,True,0,,,,,
pqdwu2hv9v8,13359.0,recall_lyrical,,"{""selected_answers"":[""house"",""flower"",""dog"",""chair"",""stone"",""moon"",""pencil"",""river""]}",0.8,0.2,[],0.0,"[""pathway"",""forest""]"
pqdwu2hv9v8,6794.0,,,0,,,,,
pqdwu2hv9v8,1962.0,math_distractor_instrumental,True,1,,,,,
pqdwu2hv9v8,1482.0,math_distractor_instrumental,True,0,,,,,
pqdwu2hv9v8,1390.0,math_distractor_instrumental,True,2,,,,,
pqdwu2hv9v8,3559.0,math_distractor_instrumental,True,3,,,,,
pqdwu2hv9v8,1396.0,math_distractor_instrumental,True,3,,,,,
pqdwu2hv9v8,2530.0,ooo_distractor_instrumental,True,0,,,,,
pqdwu2hv9v8,2309.0,ooo_distractor_instrumental,True,3,,,,,
pqdwu2hv9v8,3397.0,ooo_distractor_instrumental,True,2,,,,,
pqdwu2hv9v8,1946.0,ooo_distractor_instrumental,True,2,,,,,
pqdwu2hv9v8,1124.0,ooo_distractor_instrumental,True,2,,,,,
pqdwu2hv9v8,16171.0,recall_instrumental,,"{""selected_answers"":[""statue"",""planet"",""saddle"",""basket"",""envelope"",""riverbank"",""tower"",""ruler"",""shadow"",""meadow"",""glacier""]}",0.6153846153846154,0.2,"[""envelope"",""ruler"",""shadow""]",0.2727272727272727,"[""parade"",""avenue""]"
pqdwu2hv9v8,10478.0,,,0,,,,,
pqdwu2hv9v8,71699.0,,,"{""reflect-study-mood"":8,""reflect-study-motivation"":7,""motivation_ranking"":[""Chill Instrumental"",""Silence"",""Upbeat Instrumental"",""Lyrical Music""],""reflect-listening-device"":""Over-ear headphones"",""reflect-device"":""Laptop"",""reflect-music-familiarity"":""One of them"",""reflect-music-opinion"":""I liked it, but I wouldn't use it for studying"",""reflect-music-likes"":""I liked the lyrical track because I knew it so it was familiar to me. "",""reflect-difficulties"":""no"",""reflect-feedback"":""no""}",,,,,
prp5mlab79w,13251.0,,,0,,,,,
prp5mlab79w,60237.0,,,"{""baseline-age"":21,""baseline-race"":[""Hispanic, Latino, or Spanish Origin""],""baseline-listen-frequency"":""Never"",""baseline-listening-device"":""I don't listen to music when studying"",""baseline-music-type"":[""none""],""baseline-study-hours"":""2-3"",""baseline-study-location"":[""Home""],""baseline-study-motivation"":4}",,,,,
prp5mlab79w,13333.0,,,0,,,,,
prp5mlab79w,10378.0,math_distractor_silence,True,0,,,,,
prp5mlab79w,3038.0,math_distractor_silence,True,2,,,,,
prp5mlab79w,8991.0,math_distractor_silence,True,1,,,,,
prp5mlab79w,3762.0,math_distractor_silence,True,2,,,,,
prp5mlab79w,2030.0,math_distractor_silence,True,2,,,,,
prp5mlab79w,2647.0,ooo_distractor_silence,True,3,,,,,
prp5mlab79w,3094.0,ooo_distractor_silence,True,1,,,,,
prp5mlab79w,2576.0,ooo_distractor_silence,True,3,,,,,
prp5mlab79w,1878.0,ooo_distractor_silence,True,0,,,,,
prp5mlab79w,2596.0,ooo_distractor_silence,True,0,,,,,
prp5mlab79w,15012.0,recall_silence,,"{""selected_answers"":[""remote"",""car"",""mirror"",""journal"",""book"",""harbor"",""lamp"",""ocean"",""mouse"",""candle"",""valley""]}",0.9090909090909092,0.0,"[""remote""]",0.0909090909090909,[]
prp5mlab79w,15894.0,,,0,,,,,
prp5mlab79w,2328.0,math_distractor_instrumental,True,0,,,,,
prp5mlab79w,2829.0,math_distractor_instrumental,True,3,,,,,
prp5mlab79w,18154.0,math_distractor_instrumental,True,2,,,,,
prp5mlab79w,1960.0,math_distractor_instrumental,True,1,,,,,
prp5mlab79w,4965.0,math_distractor_instrumental,True,1,,,,,
prp5mlab79w,3503.0,ooo_distractor_instrumental,True,1,,,,,
prp5mlab79w,2210.0,ooo_distractor_instrumental,True,0,,,,,
prp5mlab79w,3241.0,ooo_distractor_instrumental,True,2,,,,,
prp5mlab79w,1764.0,ooo_distractor_instrumental,True,1,,,,,
prp5mlab79w,3647.0,ooo_distractor_instrumental,True,3,,,,,
prp5mlab79w,17948.0,recall_instrumental,,"{""selected_answers"":[""chair"",""flower"",""cloud"",""sun"",""moon"",""stone"",""pathway"",""bridge"",""table"",""marble""]}",0.8181818181818182,0.1,"[""marble""]",0.1,"[""pencil""]"
prp5mlab79w,1676.0,,,0,,,,,
prp5mlab79w,3952.0,math_distractor_lyrical,True,3,,,,,
prp5mlab79w,9881.0,math_distractor_lyrical,True,2,,,,,
prp5mlab79w,3697.0,math_distractor_lyrical,True,0,,,,,
prp5mlab79w,3933.0,math_distractor_lyrical,True,1,,,,,
prp5mlab79w,2000.0,math_distractor_lyrical,True,2,,,,,
prp5mlab79w,2130.0,ooo_distractor_lyrical,True,0,,,,,
prp5mlab79w,2016.0,ooo_distractor_lyrical,True,0,,,,,
prp5mlab79w,4074.0,ooo_distractor_lyrical,True,2,,,,,
prp5mlab79w,2871.0,ooo_distractor_lyrical,True,2,,,,,
prp5mlab79w,2732.0,ooo_distractor_lyrical,True,0,,,,,
prp5mlab79w,18909.0,recall_lyrical,,"{""selected_answers"":[""notebook"",""glacier"",""avenue"",""fountain"",""parade"",""tower"",""lantern"",""meadow""]}",0.8,0.2,[],0.0,"[""saddle"",""whistle""]"
prp5mlab79w,1832.0,,,0,,,,,
prp5mlab79w,3463.0,math_distractor_upbeat_instrumental,True,3,,,,,
prp5mlab79w,3147.0,math_distractor_upbeat_instrumental,True,2,,,,,
prp5mlab79w,2162.0,math_distractor_upbeat_instrumental,True,3,,,,,
prp5mlab79w,2896.0,math_distractor_upbeat_instrumental,True,3,,,,,
prp5mlab79w,6984.0,math_distractor_upbeat_instrumental,True,3,,,,,
prp5mlab79w,3916.0,ooo_distractor_upbeat_instrumental,True,1,,,,,
prp5mlab79w,2666.0,ooo_distractor_upbeat_instrumental,True,2,,,,,
prp5mlab79w,2712.0,ooo_distractor_upbeat_instrumental,True,1,,,,,
prp5mlab79w,4109.0,ooo_distractor_upbeat_instrumental,False,3,,,,,
prp5mlab79w,1848.0,ooo_distractor_upbeat_instrumental,True,3,,,,,
prp5mlab79w,10455.0,recall_upbeat_instrumental,,"{""selected_answers"":[""guitar"",""keyboard"",""computer"",""door"",""star"",""window"",""desert""]}",0.7,0.3,[],0.0,"[""stream"",""cup"",""desk""]"
prp5mlab79w,18199.0,,,0,,,,,
prp5mlab79w,97969.0,,,"{""reflect-study-mood"":10,""reflect-study-motivation"":9,""motivation_ranking"":[""Lyrical Music"",""Upbeat Instrumental"",""Silence"",""Chill Instrumental""],""reflect-listening-device"":""Speakers/Out loud"",""reflect-device"":""Phone"",""reflect-music-familiarity"":""One of them"",""reflect-music-opinion"":""I liked it, but I wouldn't use it for studying"",""reflect-music-likes"":""I liked the upbeat music and lyrical music "",""reflect-difficulties"":null,""reflect-feedback"":null}",,,,,
pj1fp4vnhgo,21233.0,,,0,,,,,
pj1fp4vnhgo,137867.0,,,"{""baseline-age"":22,""baseline-race"":[""Asian""],""baseline-listen-frequency"":""Sometimes"",""baseline-listening-device"":""Speakers/Out loud"",""baseline-music-type"":[""K-Pop / J-Pop"",""Lo-fi / Chillhop"",""Pop"",""R&B / Soul"",""other""],""baseline-music-type-Comment"":""indie/ indie pop"",""baseline-study-hours"":""4-5"",""baseline-study-location"":[""Home"",""other""],""baseline-study-location-Comment"":""on trolley, other places on campus"",""baseline-study-motivation"":4}",,,,,
pj1fp4vnhgo,11301.0,,,0,,,,,
pj1fp4vnhgo,4309.0,math_distractor_silence,True,3,,,,,
pj1fp4vnhgo,4463.0,math_distractor_silence,True,1,,,,,
pj1fp4vnhgo,3987.0,math_distractor_silence,True,2,,,,,
pj1fp4vnhgo,1743.0,math_distractor_silence,True,2,,,,,
pj1fp4vnhgo,5876.0,math_distractor_silence,True,2,,,,,
pj1fp4vnhgo,6067.0,ooo_distractor_silence,False,2,,,,,
pj1fp4vnhgo,29258.0,ooo_distractor_silence,True,2,,,,,
pj1fp4vnhgo,4191.0,ooo_distractor_silence,True,1,,,,,
pj1fp4vnhgo,3568.0,ooo_distractor_silence,True,2,,,,,
pj1fp4vnhgo,3835.0,ooo_distractor_silence,True,0,,,,,
pj1fp4vnhgo,22213.0,recall_silence,,"{""selected_answers"":[""phone"",""mountain"",""car"",""candle"",""piano"",""journal"",""harbor"",""lamp"",""ocean""]}",0.9,0.1,[],0.0,"[""book""]"
pj1fp4vnhgo,8306.0,,,0,,,,,
pj1fp4vnhgo,2398.0,math_distractor_upbeat_instrumental,True,2,,,,,
pj1fp4vnhgo,2546.0,math_distractor_upbeat_instrumental,True,0,,,,,
pj1fp4vnhgo,3140.0,math_distractor_upbeat_instrumental,True,2,,,,,
pj1fp4vnhgo,2607.0,math_distractor_upbeat_instrumental,True,3,,,,,
pj1fp4vnhgo,1936.0,math_distractor_upbeat_instrumental,True,1,,,,,
pj1fp4vnhgo,3634.0,ooo_distractor_upbeat_instrumental,True,3,,,,,
pj1fp4vnhgo,4212.0,ooo_distractor_upbeat_instrumental,True,2,,,,,
pj1fp4vnhgo,2350.0,ooo_distractor_upbeat_instrumental,True,0,,,,,
pj1fp4vnhgo,4405.0,ooo_distractor_upbeat_instrumental,True,2,,,,,
pj1fp4vnhgo,2681.0,ooo_distractor_upbeat_instrumental,True,3,,,,,
pj1fp4vnhgo,15075.0,recall_upbeat_instrumental,,"{""selected_answers"":[""hill"",""computer"",""tree"",""star"",""door""]}",0.5,0.5,[],0.0,"[""ceiling"",""cup"",""train"",""keyboard"",""guitar""]"
pj1fp4vnhgo,9774.0,,,0,,,,,
pj1fp4vnhgo,3182.0,math_distractor_lyrical,True,1,,,,,
pj1fp4vnhgo,4020.0,math_distractor_lyrical,True,0,,,,,
pj1fp4vnhgo,2314.0,math_distractor_lyrical,True,3,,,,,
pj1fp4vnhgo,2360.0,math_distractor_lyrical,True,3,,,,,
pj1fp4vnhgo,2801.0,math_distractor_lyrical,False,0,,,,,
pj1fp4vnhgo,9132.0,ooo_distractor_lyrical,True,3,,,,,
pj1fp4vnhgo,6240.0,ooo_distractor_lyrical,True,1,,,,,
pj1fp4vnhgo,4062.0,ooo_distractor_lyrical,True,0,,,,,
pj1fp4vnhgo,4402.0,ooo_distractor_lyrical,True,1,,,,,
pj1fp4vnhgo,2219.0,ooo_distractor_lyrical,True,1,,,,,
pj1fp4vnhgo,19111.0,recall_lyrical,,"{""selected_answers"":[""table"",""sun"",""bridge"",""glasses"",""river"",""chair"",""pencil"",""cloud"",""forest"",""flower""]}",0.8181818181818182,0.1,"[""glasses""]",0.1,"[""pathway""]"
pj1fp4vnhgo,10169.0,,,0,,,,,
pj1fp4vnhgo,3046.0,math_distractor_instrumental,True,3,,,,,
pj1fp4vnhgo,2660.0,math_distractor_instrumental,True,0,,,,,
pj1fp4vnhgo,1609.0,math_distractor_instrumental,True,2,,,,,
pj1fp4vnhgo,1749.0,math_distractor_instrumental,True,3,,,,,
pj1fp4vnhgo,1750.0,math_distractor_instrumental,True,1,,,,,
pj1fp4vnhgo,1998.0,ooo_distractor_instrumental,True,0,,,,,
pj1fp4vnhgo,3032.0,ooo_distractor_instrumental,True,2,,,,,
pj1fp4vnhgo,2058.0,ooo_distractor_instrumental,True,0,,,,,
pj1fp4vnhgo,3214.0,ooo_distractor_instrumental,True,0,,,,,
pj1fp4vnhgo,4257.0,ooo_distractor_instrumental,True,0,,,,,
pj1fp4vnhgo,18427.0,recall_instrumental,,"{""selected_answers"":[""notebook"",""meadow"",""ladder"",""lantern"",""riverbank"",""blanket"",""fountain"",""canvas"",""saddle"",""statue"",""whistle"",""tower""]}",0.8333333333333334,0.0,"[""ladder"",""blanket""]",0.1666666666666666,[]
pj1fp4vnhgo,12754.0,,,0,,,,,
pj1fp4vnhgo,230137.0,,,"{""reflect-study-mood"":8,""reflect-study-motivation"":6,""motivation_ranking"":[""Silence"",""Upbeat Instrumental"",""Lyrical Music"",""Chill Instrumental""],""reflect-listening-device"":""Earbuds"",""reflect-device"":""Laptop"",""reflect-music-familiarity"":""One of them"",""reflect-music-opinion"":""I liked it, but I wouldn't use it for studying"",""reflect-music-likes"":""I liked all of them but would use the lyrical one (too distracting) and the classical one (too sleepy) for studying"",""reflect-difficulties"":""n/a"",""reflect-feedback"":""It was fun! I want to know about the findings of this study :) I also might've made a mistake on one of the questions (I realized right after clicking and I couldn't fix it... I guess that's just part of the study!)""}",,,,,
p39h55yf3g8,25724.0,,,0,,,,,
p39h55yf3g8,67612.0,,,"{""baseline-age"":18,""baseline-race"":[""Hispanic, Latino, or Spanish Origin""],""baseline-listen-frequency"":""Always"",""baseline-listening-device"":""Over-ear headphones"",""baseline-music-type"":[""Latin / Reggaeton""],""baseline-study-hours"":""2-3"",""baseline-study-location"":[""Library"",""Home""],""baseline-study-motivation"":4}",,,,,
p39h55yf3g8,17297.0,,,0,,,,,
p39h55yf3g8,4982.0,math_distractor_lyrical,True,1,,,,,
p39h55yf3g8,7531.0,math_distractor_lyrical,True,3,,,,,
p39h55yf3g8,9962.0,math_distractor_lyrical,False,3,,,,,
p39h55yf3g8,3754.0,math_distractor_lyrical,True,0,,,,,
p39h55yf3g8,7184.0,math_distractor_lyrical,True,2,,,,,
p39h55yf3g8,10808.0,ooo_distractor_lyrical,True,2,,,,,
p39h55yf3g8,3696.0,ooo_distractor_lyrical,True,3,,,,,
p39h55yf3g8,2928.0,ooo_distractor_lyrical,True,1,,,,,
p39h55yf3g8,2194.0,ooo_distractor_lyrical,True,2,,,,,
p39h55yf3g8,3180.0,ooo_distractor_lyrical,True,3,,,,,
p39h55yf3g8,19637.0,recall_lyrical,,"{""selected_answers"":[""bridge"",""moon"",""sun"",""table"",""dog"",""chair"",""pencil""]}",0.7,0.3,[],0.0,"[""river"",""pathway"",""cloud""]"
p39h55yf3g8,10321.0,,,0,,,,,
p39h55yf3g8,2423.0,math_distractor_instrumental,True,3,,,,,
p39h55yf3g8,4248.0,math_distractor_instrumental,True,1,,,,,
p39h55yf3g8,3830.0,math_distractor_instrumental,True,2,,,,,
p39h55yf3g8,2195.0,math_distractor_instrumental,True,3,,,,,
p39h55yf3g8,2498.0,math_distractor_instrumental,False,2,,,,,
p39h55yf3g8,2262.0,ooo_distractor_instrumental,True,3,,,,,
p39h55yf3g8,3395.0,ooo_distractor_instrumental,False,1,,,,,
p39h55yf3g8,2896.0,ooo_distractor_instrumental,True,1,,,,,
p39h55yf3g8,1911.0,ooo_distractor_instrumental,True,2,,,,,
p39h55yf3g8,6197.0,ooo_distractor_instrumental,True,2,,,,,
p39h55yf3g8,11298.0,recall_instrumental,,"{""selected_answers"":[""train"",""hill"",""window"",""guitar"",""keyboard""]}",0.5,0.5,[],0.0,"[""door"",""cup"",""desk"",""computer"",""desert""]"
p39h55yf3g8,2505.0,,,0,,,,,
p39h55yf3g8,3935.0,math_distractor_silence,True,2,,,,,
p39h55yf3g8,2627.0,math_distractor_silence,True,0,,,,,
p39h55yf3g8,2128.0,math_distractor_silence,False,2,,,,,
p39h55yf3g8,3515.0,math_distractor_silence,False,2,,,,,
p39h55yf3g8,3129.0,math_distractor_silence,True,2,,,,,
p39h55yf3g8,3245.0,ooo_distractor_silence,True,1,,,,,
p39h55yf3g8,2245.0,ooo_distractor_silence,True,1,,,,,
p39h55yf3g8,2113.0,ooo_distractor_silence,True,1,,,,,
p39h55yf3g8,2012.0,ooo_distractor_silence,True,3,,,,,
p39h55yf3g8,3945.0,ooo_distractor_silence,True,1,,,,,
p39h55yf3g8,10323.0,recall_silence,,"{""selected_answers"":[""tower"",""whistle"",""canvas"",""meadow""]}",0.4,0.6,[],0.0,"[""planet"",""lantern"",""basket"",""glacier"",""statue"",""notebook""]"
p39h55yf3g8,6256.0,,,0,,,,,
p39h55yf3g8,2088.0,math_distractor_upbeat_instrumental,True,3,,,,,
p39h55yf3g8,2118.0,math_distractor_upbeat_instrumental,True,2,,,,,
p39h55yf3g8,2661.0,math_distractor_upbeat_instrumental,False,3,,,,,
p39h55yf3g8,2946.0,math_distractor_upbeat_instrumental,False,3,,,,,
p39h55yf3g8,4030.0,math_distractor_upbeat_instrumental,True,3,,,,,
p39h55yf3g8,4362.0,ooo_distractor_upbeat_instrumental,True,2,,,,,
p39h55yf3g8,3629.0,ooo_distractor_upbeat_instrumental,True,3,,,,,
p39h55yf3g8,2346.0,ooo_distractor_upbeat_instrumental,True,2,,,,,
p39h55yf3g8,1877.0,ooo_distractor_upbeat_instrumental,True,0,,,,,
p39h55yf3g8,4599.0,ooo_distractor_upbeat_instrumental,True,0,,,,,
p39h55yf3g8,12891.0,recall_upbeat_instrumental,,"{""selected_answers"":[""mouse"",""valley"",""car"",""phone"",""road"",""candle"",""ocean""]}",0.7,0.3,[],0.0,"[""book"",""harbor"",""journal""]"
p39h55yf3g8,9806.0,,,0,,,,,
p39h55yf3g8,111513.0,,,"{""reflect-study-mood"":8,""reflect-study-motivation"":8,""motivation_ranking"":[""Lyrical Music"",""Upbeat Instrumental"",""Chill Instrumental"",""Silence""],""reflect-listening-device"":""Speakers/Out loud"",""reflect-device"":""Phone"",""reflect-music-familiarity"":""One of them"",""reflect-music-opinion"":""I liked it and would use it for studying"",""reflect-music-likes"":null,""reflect-difficulties"":null,""reflect-feedback"":null}",,,,,
px6gd4x6uup,26096.0,,,0,,,,,
px6gd4x6uup,67316.0,,,"{""baseline-age"":18,""baseline-race"":[""White""],""baseline-listen-frequency"":""Often"",""baseline-listening-device"":""Earbuds"",""baseline-music-type"":[""Pop"",""R&B / Soul"",""Rock"",""Classical"",""Hip-Hop / Rap""],""baseline-study-hours"":""4-5"",""baseline-study-location"":[""Library"",""Home""],""baseline-study-motivation"":6}",,,,,
px6gd4x6uup,19546.0,,,0,,,,,
px6gd4x6uup,3388.0,math_distractor_instrumental,False,2,,,,,
px6gd4x6uup,7481.0,math_distractor_instrumental,True,3,,,,,
px6gd4x6uup,4733.0,math_distractor_instrumental,True,3,,,,,
px6gd4x6uup,2216.0,math_distractor_instrumental,True,0,,,,,
px6gd4x6uup,4333.0,math_distractor_instrumental,True,2,,,,,
px6gd4x6uup,4581.0,ooo_distractor_instrumental,True,3,,,,,
px6gd4x6uup,2482.0,ooo_distractor_instrumental,True,2,,,,,
px6gd4x6uup,3067.0,ooo_distractor_instrumental,True,2,,,,,
px6gd4x6uup,3486.0,ooo_distractor_instrumental,True,2,,,,,
px6gd4x6uup,8179.0,ooo_distractor_instrumental,True,2,,,,,
px6gd4x6uup,27603.0,recall_instrumental,,"{""selected_answers"":[""meadow"",""statue"",""basket"",""towel"",""parade"",""avenue"",""notebook"",""saddle"",""planet""]}",0.7272727272727273,0.2,"[""towel""]",0.1111111111111111,"[""glacier"",""whistle""]"
px6gd4x6uup,10975.0,,,0,,,,,
px6gd4x6uup,4375.0,math_distractor_upbeat_instrumental,False,1,,,,,
px6gd4x6uup,12631.0,math_distractor_upbeat_instrumental,True,2,,,,,
px6gd4x6uup,3432.0,math_distractor_upbeat_instrumental,False,2,,,,,
px6gd4x6uup,2631.0,math_distractor_upbeat_instrumental,True,2,,,,,
px6gd4x6uup,2832.0,math_distractor_upbeat_instrumental,True,3,,,,,
px6gd4x6uup,3486.0,ooo_distractor_upbeat_instrumental,True,3,,,,,
px6gd4x6uup,3430.0,ooo_distractor_upbeat_instrumental,True,3,,,,,
px6gd4x6uup,2551.0,ooo_distractor_upbeat_instrumental,True,0,,,,,
px6gd4x6uup,1993.0,ooo_distractor_upbeat_instrumental,True,3,,,,,
px6gd4x6uup,6866.0,ooo_distractor_upbeat_instrumental,True,2,,,,,
px6gd4x6uup,31328.0,recall_upbeat_instrumental,,"{""selected_answers"":[""desk"",""window"",""desert"",""tree"",""keyboard"",""marble"",""ceiling""]}",0.5454545454545454,0.4,"[""marble""]",0.1428571428571428,"[""train"",""stream"",""hill"",""cup""]"
px6gd4x6uup,2111.0,,,0,,,,,
px6gd4x6uup,4165.0,math_distractor_silence,True,3,,,,,
px6gd4x6uup,5787.0,math_distractor_silence,False,2,,,,,
px6gd4x6uup,2762.0,math_distractor_silence,True,3,,,,,
px6gd4x6uup,3581.0,math_distractor_silence,False,0,,,,,
px6gd4x6uup,1534.0,math_distractor_silence,False,0,,,,,
px6gd4x6uup,8199.0,ooo_distractor_silence,True,3,,,,,
px6gd4x6uup,3435.0,ooo_distractor_silence,False,1,,,,,
px6gd4x6uup,2262.0,ooo_distractor_silence,True,3,,,,,
px6gd4x6uup,2400.0,ooo_distractor_silence,True,1,,,,,
px6gd4x6uup,1633.0,ooo_distractor_silence,True,2,,,,,
px6gd4x6uup,29141.0,recall_silence,,"{""selected_answers"":[""harbor"",""candle"",""ocean"",""phone"",""piano"",""mountain"",""journal"",""lamp""]}",0.8,0.2,[],0.0,"[""book"",""mirror""]"
px6gd4x6uup,5014.0,,,0,,,,,
px6gd4x6uup,3859.0,math_distractor_lyrical,False,0,,,,,
px6gd4x6uup,6815.0,math_distractor_lyrical,True,2,,,,,
px6gd4x6uup,1549.0,math_distractor_lyrical,True,2,,,,,
px6gd4x6uup,3866.0,math_distractor_lyrical,True,1,,,,,
px6gd4x6uup,5999.0,math_distractor_lyrical,True,1,,,,,
px6gd4x6uup,2597.0,ooo_distractor_lyrical,True,3,,,,,
px6gd4x6uup,1648.0,ooo_distractor_lyrical,True,2,,,,,
px6gd4x6uup,1782.0,ooo_distractor_lyrical,True,1,,,,,
px6gd4x6uup,4004.0,ooo_distractor_lyrical,True,0,,,,,
px6gd4x6uup,3046.0,ooo_distractor_lyrical,True,1,,,,,
px6gd4x6uup,22047.0,recall_lyrical,,"{""selected_answers"":[""cloud"",""chair"",""forest"",""sun"",""moon"",""river"",""flower"",""bridge""]}",0.8,0.2,[],0.0,"[""dog"",""stone""]"
px6gd4x6uup,8175.0,,,0,,,,,
px6gd4x6uup,90116.0,,,"{""reflect-study-mood"":8,""reflect-study-motivation"":8,""motivation_ranking"":[""Chill Instrumental"",""Silence"",""Upbeat Instrumental"",""Lyrical Music""],""reflect-listening-device"":""Speakers/Out loud"",""reflect-device"":""Laptop"",""reflect-music-familiarity"":""One of them"",""reflect-music-opinion"":""I liked it, but I wouldn't use it for studying"",""reflect-music-likes"":""Both"",""reflect-difficulties"":""No"",""reflect-feedback"":""No""}",,,,,
p22eac6c2ul,13848.0,,,0,,,,,
p22eac6c2ul,46696.0,,,"{""baseline-age"":27,""baseline-race"":[""Asian"",""White""],""baseline-listen-frequency"":""Never"",""baseline-listening-device"":""I don't listen to music when studying"",""baseline-music-type"":[""none""],""baseline-study-hours"":""6-7"",""baseline-study-location"":[""Home"",""other""],""baseline-study-location-Comment"":""Lab where I do research"",""baseline-study-motivation"":8}",,,,,
p22eac6c2ul,14995.0,,,0,,,,,
p22eac6c2ul,2908.0,math_distractor_lyrical,True,3,,,,,
p22eac6c2ul,2280.0,math_distractor_lyrical,True,3,,,,,
p22eac6c2ul,9564.0,math_distractor_lyrical,True,2,,,,,
p22eac6c2ul,4383.0,math_distractor_lyrical,True,1,,,,,
p22eac6c2ul,4948.0,math_distractor_lyrical,True,3,,,,,
p22eac6c2ul,2730.0,ooo_distractor_lyrical,True,1,,,,,
p22eac6c2ul,3533.0,ooo_distractor_lyrical,True,1,,,,,
p22eac6c2ul,1330.0,ooo_distractor_lyrical,True,1,,,,,
p22eac6c2ul,4981.0,ooo_distractor_lyrical,True,2,,,,,
p22eac6c2ul,3497.0,ooo_distractor_lyrical,True,1,,,,,
p22eac6c2ul,12102.0,recall_lyrical,,"{""selected_answers"":[""keyboard"",""door"",""stream"",""horizon"",""window"",""computer"",""guitar"",""train"",""star"",""cup""]}",1.0,0.0,[],0.0,[]
p22eac6c2ul,3908.0,,,0,,,,,
p22eac6c2ul,2098.0,math_distractor_upbeat_instrumental,True,3,,,,,
p22eac6c2ul,4164.0,math_distractor_upbeat_instrumental,True,2,,,,,
p22eac6c2ul,4081.0,math_distractor_upbeat_instrumental,True,2,,,,,
p22eac6c2ul,4815.0,math_distractor_upbeat_instrumental,True,3,,,,,
p22eac6c2ul,2515.0,math_distractor_upbeat_instrumental,True,1,,,,,
p22eac6c2ul,2547.0,ooo_distractor_upbeat_instrumental,True,3,,,,,
p22eac6c2ul,1547.0,ooo_distractor_upbeat_instrumental,True,3,,,,,
p22eac6c2ul,1483.0,ooo_distractor_upbeat_instrumental,True,2,,,,,
p22eac6c2ul,3997.0,ooo_distractor_upbeat_instrumental,False,0,,,,,
p22eac6c2ul,2731.0,ooo_distractor_upbeat_instrumental,True,1,,,,,
p22eac6c2ul,14373.0,recall_upbeat_instrumental,,"{""selected_answers"":[""whistle"",""lantern"",""glacier"",""meadow"",""notebook"",""basket"",""statue"",""canvas"",""saddle"",""avenue""]}",1.0,0.0,[],0.0,[]
p22eac6c2ul,1074.0,,,0,,,,,
p22eac6c2ul,4527.0,math_distractor_silence,True,1,,,,,
p22eac6c2ul,5298.0,math_distractor_silence,True,2,,,,,
p22eac6c2ul,3665.0,math_distractor_silence,True,2,,,,,
p22eac6c2ul,4614.0,math_distractor_silence,True,0,,,,,
p22eac6c2ul,4247.0,math_distractor_silence,True,2,,,,,
p22eac6c2ul,2331.0,ooo_distractor_silence,True,0,,,,,
p22eac6c2ul,1397.0,ooo_distractor_silence,True,2,,,,,
p22eac6c2ul,1932.0,ooo_distractor_silence,True,1,,,,,
p22eac6c2ul,1313.0,ooo_distractor_silence,True,3,,,,,
p22eac6c2ul,1733.0,ooo_distractor_silence,True,3,,,,,
p22eac6c2ul,13666.0,recall_silence,,"{""selected_answers"":[""phone"",""piano"",""mirror"",""valley"",""harbor"",""mouse"",""book"",""ocean"",""radio""]}",0.9,0.1,[],0.0,"[""road""]"
p22eac6c2ul,1126.0,,,0,,,,,
p22eac6c2ul,4329.0,math_distractor_instrumental,True,2,,,,,
p22eac6c2ul,4765.0,math_distractor_instrumental,True,3,,,,,
p22eac6c2ul,2448.0,math_distractor_instrumental,True,0,,,,,
p22eac6c2ul,3531.0,math_distractor_instrumental,True,1,,,,,
p22eac6c2ul,3581.0,math_distractor_instrumental,True,0,,,,,
p22eac6c2ul,2315.0,ooo_distractor_instrumental,True,1,,,,,
p22eac6c2ul,3865.0,ooo_distractor_instrumental,True,3,,,,,
p22eac6c2ul,1631.0,ooo_distractor_instrumental,True,1,,,,,
p22eac6c2ul,1997.0,ooo_distractor_instrumental,True,0,,,,,
p22eac6c2ul,1598.0,ooo_distractor_instrumental,True,3,,,,,
p22eac6c2ul,17355.0,recall_instrumental,,"{""selected_answers"":[""moon"",""apple"",""stone"",""forest"",""bridge"",""dog"",""pathway"",""cloud"",""house"",""river""]}",1.0,0.0,[],0.0,[]
p22eac6c2ul,2924.0,,,0,,,,,
p22eac6c2ul,86138.0,,,"{""reflect-study-mood"":6,""reflect-study-motivation"":9,""motivation_ranking"":[""Silence"",""Chill Instrumental"",""Lyrical Music"",""Upbeat Instrumental""],""reflect-listening-device"":""Speakers/Out loud"",""reflect-device"":""Laptop"",""reflect-music-familiarity"":""One of them"",""reflect-music-opinion"":""I liked it, but I wouldn't use it for studying"",""reflect-music-likes"":""The lyrical song"",""reflect-difficulties"":""No"",""reflect-feedback"":"" No""}",,,,,
pqclbv2h2ck,149681.0,,,0,,,,,
pqclbv2h2ck,51576.0,,,"{""baseline-age"":20,""baseline-race"":[""Hispanic, Latino, or Spanish Origin""],""baseline-listen-frequency"":""Sometimes"",""baseline-listening-device"":""Speakers/Out loud"",""baseline-music-type"":[""Electronic / EDM""],""baseline-study-hours"":""6-7"",""baseline-study-location"":[""Home""],""baseline-study-motivation"":1}",,,,,
pqclbv2h2ck,19861.0,,,0,,,,,
pqclbv2h2ck,2104.0,math_distractor_lyrical,True,2,,,,,
pqclbv2h2ck,6522.0,math_distractor_lyrical,True,2,,,,,
pqclbv2h2ck,4193.0,math_distractor_lyrical,True,2,,,,,
pqclbv2h2ck,2458.0,math_distractor_lyrical,True,2,,,,,
pqclbv2h2ck,1525.0,math_distractor_lyrical,True,2,,,,,
pqclbv2h2ck,2331.0,ooo_distractor_lyrical,True,0,,,,,
pqclbv2h2ck,8371.0,ooo_distractor_lyrical,True,1,,,,,
pqclbv2h2ck,2356.0,ooo_distractor_lyrical,True,2,,,,,
pqclbv2h2ck,2644.0,ooo_distractor_lyrical,False,1,,,,,
pqclbv2h2ck,1412.0,ooo_distractor_lyrical,True,2,,,,,
pqclbv2h2ck,18183.0,recall_lyrical,,"{""selected_answers"":[""candle"",""mouse"",""road"",""phone"",""harbor"",""radio"",""valley"",""lamp""]}",0.8,0.2,[],0.0,"[""car"",""mirror""]"
pqclbv2h2ck,7297.0,,,0,,,,,
pqclbv2h2ck,2007.0,math_distractor_instrumental,True,3,,,,,
pqclbv2h2ck,4035.0,math_distractor_instrumental,True,0,,,,,
pqclbv2h2ck,3633.0,math_distractor_instrumental,True,2,,,,,
pqclbv2h2ck,1597.0,math_distractor_instrumental,True,1,,,,,
pqclbv2h2ck,3739.0,math_distractor_instrumental,True,1,,,,,
pqclbv2h2ck,2594.0,ooo_distractor_instrumental,True,0,,,,,
pqclbv2h2ck,2906.0,ooo_distractor_instrumental,True,1,,,,,
pqclbv2h2ck,2229.0,ooo_distractor_instrumental,True,0,,,,,
pqclbv2h2ck,2268.0,ooo_distractor_instrumental,True,3,,,,,
pqclbv2h2ck,4369.0,ooo_distractor_instrumental,True,1,,,,,
pqclbv2h2ck,18306.0,recall_instrumental,,"{""selected_answers"":[""parade"",""basket"",""statue"",""tower"",""riverbank"",""notebook"",""fountain""]}",0.7,0.3,[],0.0,"[""glacier"",""lantern"",""saddle""]"
pqclbv2h2ck,24616.0,,,0,,,,,
pqclbv2h2ck,2219.0,math_distractor_silence,True,3,,,,,
pqclbv2h2ck,1685.0,math_distractor_silence,True,0,,,,,
pqclbv2h2ck,2476.0,math_distractor_silence,True,3,,,,,
pqclbv2h2ck,1604.0,math_distractor_silence,True,3,,,,,
pqclbv2h2ck,1924.0,math_distractor_silence,True,1,,,,,
pqclbv2h2ck,3840.0,ooo_distractor_silence,True,0,,,,,
pqclbv2h2ck,2099.0,ooo_distractor_silence,True,3,,,,,
pqclbv2h2ck,1477.0,ooo_distractor_silence,True,2,,,,,
pqclbv2h2ck,2220.0,ooo_distractor_silence,True,1,,,,,
pqclbv2h2ck,1564.0,ooo_distractor_silence,True,2,,,,,
pqclbv2h2ck,31987.0,recall_silence,,"{""selected_answers"":[""chair"",""moon"",""river"",""apple"",""forest"",""cloud"",""table"",""pathway"",""stone"",""microscope""]}",0.8181818181818182,0.1,"[""microscope""]",0.1,"[""flower""]"
pqclbv2h2ck,7852.0,,,0,,,,,
pqclbv2h2ck,2534.0,math_distractor_upbeat_instrumental,True,3,,,,,
pqclbv2h2ck,2771.0,math_distractor_upbeat_instrumental,True,2,,,,,
pqclbv2h2ck,1190.0,math_distractor_upbeat_instrumental,True,3,,,,,
pqclbv2h2ck,1420.0,math_distractor_upbeat_instrumental,True,0,,,,,
pqclbv2h2ck,4231.0,math_distractor_upbeat_instrumental,True,1,,,,,
pqclbv2h2ck,1547.0,ooo_distractor_upbeat_instrumental,True,1,,,,,
pqclbv2h2ck,2254.0,ooo_distractor_upbeat_instrumental,True,2,,,,,
pqclbv2h2ck,1866.0,ooo_distractor_upbeat_instrumental,True,0,,,,,
pqclbv2h2ck,2140.0,ooo_distractor_upbeat_instrumental,True,3,,,,,
pqclbv2h2ck,2525.0,ooo_distractor_upbeat_instrumental,True,2,,,,,
pqclbv2h2ck,30670.0,recall_upbeat_instrumental,,"{""selected_answers"":[""guitar"",""tree"",""desk"",""computer"",""envelope"",""window"",""train""]}",0.5454545454545454,0.4,"[""envelope""]",0.1428571428571428,"[""ceiling"",""stream"",""star"",""keyboard""]"
pqclbv2h2ck,9084.0,,,0,,,,,
pqclbv2h2ck,61512.0,,,"{""reflect-study-mood"":10,""reflect-study-motivation"":10,""motivation_ranking"":[""Chill Instrumental"",""Silence"",""Lyrical Music"",""Upbeat Instrumental""],""reflect-listening-device"":""Earbuds"",""reflect-device"":""Laptop"",""reflect-music-familiarity"":""One of them"",""reflect-music-opinion"":""I liked it, but I wouldn't use it for studying"",""reflect-music-likes"":null,""reflect-difficulties"":null,""reflect-feedback"":null}",,,,,
p0vqdg59kpg,4760.0,,,0,,,,,
p0vqdg59kpg,41429.0,,,"{""baseline-age"":21,""baseline-race"":[""White""],""baseline-listen-frequency"":""Sometimes"",""baseline-listening-device"":""Earbuds"",""baseline-music-type"":[""Lo-fi / Chillhop"",""R&B / Soul""],""baseline-study-hours"":""4-5"",""baseline-study-location"":[""Home"",""Coffee shop"",""Library""],""baseline-study-motivation"":5}",,,,,
p0vqdg59kpg,44176.0,,,0,,,,,
p0vqdg59kpg,2682.0,math_distractor_lyrical,True,0,,,,,
p0vqdg59kpg,2683.0,math_distractor_lyrical,False,1,,,,,
p0vqdg59kpg,2117.0,math_distractor_lyrical,True,2,,,,,
p0vqdg59kpg,3685.0,math_distractor_lyrical,False,3,,,,,
p0vqdg59kpg,1965.0,math_distractor_lyrical,True,3,,,,,
p0vqdg59kpg,2887.0,ooo_distractor_lyrical,True,1,,,,,
p0vqdg59kpg,2278.0,ooo_distractor_lyrical,True,3,,,,,
p0vqdg59kpg,3837.0,ooo_distractor_lyrical,True,2,,,,,
p0vqdg59kpg,2096.0,ooo_distractor_lyrical,True,1,,,,,
p0vqdg59kpg,1916.0,ooo_distractor_lyrical,False,2,,,,,
p0vqdg59kpg,12458.0,recall_lyrical,,"{""selected_answers"":[""house"",""stone"",""apple"",""flower"",""blanket"",""moon"",""table"",""river""]}",0.6363636363636364,0.3,"[""blanket""]",0.125,"[""chair"",""sun"",""pathway""]"
p0vqdg59kpg,2531.0,,,0,,,,,
p0vqdg59kpg,2689.0,math_distractor_upbeat_instrumental,True,2,,,,,
p0vqdg59kpg,1966.0,math_distractor_upbeat_instrumental,True,3,,,,,
p0vqdg59kpg,1566.0,math_distractor_upbeat_instrumental,True,3,,,,,
p0vqdg59kpg,1465.0,math_distractor_upbeat_instrumental,True,1,,,,,
p0vqdg59kpg,3636.0,math_distractor_upbeat_instrumental,True,1,,,,,
p0vqdg59kpg,2449.0,ooo_distractor_upbeat_instrumental,True,1,,,,,
p0vqdg59kpg,2967.0,ooo_distractor_upbeat_instrumental,False,1,,,,,
p0vqdg59kpg,2850.0,ooo_distractor_upbeat_instrumental,True,0,,,,,
p0vqdg59kpg,1748.0,ooo_distractor_upbeat_instrumental,True,0,,,,,
p0vqdg59kpg,2382.0,ooo_distractor_upbeat_instrumental,True,0,,,,,
p0vqdg59kpg,13502.0,recall_upbeat_instrumental,,"{""selected_answers"":[""train"",""computer"",""backpack"",""door"",""horizon""]}",0.3636363636363636,0.6,"[""backpack""]",0.2,"[""keyboard"",""stream"",""window"",""cup"",""star"",""hill""]"
p0vqdg59kpg,1814.0,,,0,,,,,
p0vqdg59kpg,1994.0,math_distractor_instrumental,True,0,,,,,
p0vqdg59kpg,1432.0,math_distractor_instrumental,True,3,,,,,
p0vqdg59kpg,2066.0,math_distractor_instrumental,True,1,,,,,
p0vqdg59kpg,3318.0,math_distractor_instrumental,True,1,,,,,
p0vqdg59kpg,1332.0,math_distractor_instrumental,True,3,,,,,
p0vqdg59kpg,2916.0,ooo_distractor_instrumental,True,0,,,,,
p0vqdg59kpg,1598.0,ooo_distractor_instrumental,True,2,,,,,
p0vqdg59kpg,2730.0,ooo_distractor_instrumental,True,1,,,,,
p0vqdg59kpg,1872.0,ooo_distractor_instrumental,True,3,,,,,
p0vqdg59kpg,2167.0,ooo_distractor_instrumental,True,2,,,,,
p0vqdg59kpg,10610.0,recall_instrumental,,"{""selected_answers"":[""phone"",""mountain"",""car"",""valley"",""piano""]}",0.5,0.5,[],0.0,"[""candle"",""harbor"",""radio"",""book"",""lamp""]"
p0vqdg59kpg,1381.0,,,0,,,,,
p0vqdg59kpg,2377.0,math_distractor_silence,True,3,,,,,
p0vqdg59kpg,1600.0,math_distractor_silence,True,2,,,,,
p0vqdg59kpg,1449.0,math_distractor_silence,True,0,,,,,
p0vqdg59kpg,2900.0,math_distractor_silence,True,2,,,,,
p0vqdg59kpg,4987.0,math_distractor_silence,False,3,,,,,
p0vqdg59kpg,3920.0,ooo_distractor_silence,True,1,,,,,
p0vqdg59kpg,2265.0,ooo_distractor_silence,True,2,,,,,
p0vqdg59kpg,2249.0,ooo_distractor_silence,True,1,,,,,
p0vqdg59kpg,1898.0,ooo_distractor_silence,True,2,,,,,
p0vqdg59kpg,3053.0,ooo_distractor_silence,True,2,,,,,
p0vqdg59kpg,13007.0,recall_silence,,"{""selected_answers"":[""statue"",""fountain"",""tower"",""glacier"",""parade"",""lantern"",""meadow"",""saddle""]}",0.8,0.2,[],0.0,"[""whistle"",""avenue""]"
p0vqdg59kpg,3090.0,,,0,,,,,
p0vqdg59kpg,64871.0,,,"{""reflect-study-mood"":8,""reflect-study-motivation"":8,""motivation_ranking"":[""Lyrical Music"",""Chill Instrumental"",""Silence"",""Upbeat Instrumental""],""reflect-listening-device"":""Speakers/Out loud"",""reflect-device"":""Phone"",""reflect-music-familiarity"":""Both of them"",""reflect-music-opinion"":""I liked it and would use it for studying"",""reflect-music-likes"":""track one most"",""reflect-feedback"":""fun!"",""reflect-difficulties"":""No""}",,,,,
pk78jm038ww,923.0,,,0,,,,,
pk78jm038ww,42638.0,,,"{""baseline-age"":20,""baseline-race"":[""Asian""],""baseline-listen-frequency"":""Always"",""baseline-listening-device"":""Over-ear headphones"",""baseline-music-type"":[""Pop"",""R&B / Soul"",""Hip-Hop / Rap"",""K-Pop / J-Pop"",""Podcasts / Spoken Word"",""Nature Sounds / White Noise"",""Lo-fi / Chillhop""],""baseline-study-hours"":""6-7"",""baseline-study-location"":[""Home""],""baseline-study-motivation"":3}",,,,,
pk78jm038ww,7578.0,,,0,,,,,
pk78jm038ww,2491.0,math_distractor_upbeat_instrumental,True,1,,,,,
pk78jm038ww,1282.0,math_distractor_upbeat_instrumental,False,2,,,,,
pk78jm038ww,3388.0,math_distractor_upbeat_instrumental,True,2,,,,,
pk78jm038ww,1865.0,math_distractor_upbeat_instrumental,True,2,,,,,
pk78jm038ww,1898.0,math_distractor_upbeat_instrumental,True,0,,,,,
pk78jm038ww,1745.0,ooo_distractor_upbeat_instrumental,True,2,,,,,
pk78jm038ww,1376.0,ooo_distractor_upbeat_instrumental,True,0,,,,,
pk78jm038ww,2815.0,ooo_distractor_upbeat_instrumental,False,0,,,,,
pk78jm038ww,1190.0,ooo_distractor_upbeat_instrumental,True,2,,,,,
pk78jm038ww,2015.0,ooo_distractor_upbeat_instrumental,True,3,,,,,
pk78jm038ww,11928.0,recall_upbeat_instrumental,,"{""selected_answers"":[""stream"",""computer"",""window"",""horizon"",""train"",""cup"",""door"",""desk"",""ceiling""]}",0.9,0.1,[],0.0,"[""desert""]"
pk78jm038ww,2573.0,,,0,,,,,
pk78jm038ww,1776.0,math_distractor_instrumental,True,2,,,,,
pk78jm038ww,2335.0,math_distractor_instrumental,True,3,,,,,
pk78jm038ww,1178.0,math_distractor_instrumental,True,2,,,,,
pk78jm038ww,2461.0,math_distractor_instrumental,True,1,,,,,
pk78jm038ww,5741.0,math_distractor_instrumental,True,2,,,,,
pk78jm038ww,3533.0,ooo_distractor_instrumental,True,0,,,,,
pk78jm038ww,4069.0,ooo_distractor_instrumental,False,3,,,,,
pk78jm038ww,3360.0,ooo_distractor_instrumental,True,1,,,,,
pk78jm038ww,3729.0,ooo_distractor_instrumental,True,1,,,,,
pk78jm038ww,4470.0,ooo_distractor_instrumental,True,0,,,,,
pk78jm038ww,13740.0,recall_instrumental,,"{""selected_answers"":[""dog"",""moon"",""house"",""sun"",""glasses"",""towel""]}",0.3333333333333333,0.6,"[""glasses"",""towel""]",0.3333333333333333,"[""flower"",""pathway"",""forest"",""cloud"",""bridge"",""chair""]"
pk78jm038ww,2216.0,,,0,,,,,
pk78jm038ww,5005.0,math_distractor_lyrical,True,0,,,,,
pk78jm038ww,1637.0,math_distractor_lyrical,True,3,,,,,
pk78jm038ww,1624.0,math_distractor_lyrical,True,3,,,,,
pk78jm038ww,3757.0,math_distractor_lyrical,True,2,,,,,
pk78jm038ww,1770.0,math_distractor_lyrical,True,1,,,,,
pk78jm038ww,2063.0,ooo_distractor_lyrical,True,0,,,,,
pk78jm038ww,2207.0,ooo_distractor_lyrical,True,3,,,,,
pk78jm038ww,1186.0,ooo_distractor_lyrical,True,2,,,,,
pk78jm038ww,2176.0,ooo_distractor_lyrical,True,0,,,,,
pk78jm038ww,2045.0,ooo_distractor_lyrical,True,0,,,,,
pk78jm038ww,10861.0,recall_lyrical,,"{""selected_answers"":[""radio"",""candle"",""mouse"",""valley"",""book"",""harbor""]}",0.6,0.4,[],0.0,"[""piano"",""mirror"",""ocean"",""mountain""]"
pk78jm038ww,2959.0,,,0,,,,,
pk78jm038ww,1265.0,math_distractor_silence,True,3,,,,,
pk78jm038ww,4754.0,math_distractor_silence,True,1,,,,,
pk78jm038ww,1243.0,math_distractor_silence,True,3,,,,,
pk78jm038ww,1675.0,math_distractor_silence,True,3,,,,,
pk78jm038ww,1217.0,math_distractor_silence,True,2,,,,,
pk78jm038ww,1544.0,ooo_distractor_silence,True,0,,,,,
pk78jm038ww,4221.0,ooo_distractor_silence,True,3,,,,,
pk78jm038ww,1226.0,ooo_distractor_silence,True,1,,,,,
pk78jm038ww,1634.0,ooo_distractor_silence,True,1,,,,,
pk78jm038ww,2362.0,ooo_distractor_silence,False,3,,,,,
pk78jm038ww,15231.0,recall_silence,,"{""selected_answers"":[""riverbank"",""avenue"",""meadow"",""planet"",""saddle"",""notebook"",""shadow""]}",0.5454545454545454,0.4,"[""shadow""]",0.1428571428571428,"[""parade"",""statue"",""whistle"",""basket""]"
pk78jm038ww,7986.0,,,0,,,,,
pk78jm038ww,47103.0,,,"{""reflect-study-mood"":7,""reflect-study-motivation"":3,""motivation_ranking"":[""Chill Instrumental"",""Lyrical Music"",""Upbeat Instrumental"",""Silence""],""reflect-listening-device"":""Over-ear headphones"",""reflect-device"":""Desktop Computer"",""reflect-music-familiarity"":""Neither"",""reflect-music-opinion"":""I didn't like the music used"",""reflect-music-likes"":null,""reflect-difficulties"":null,""reflect-feedback"":null}",,,,,
pz01s9mqzdk,10029.0,,,0,,,,,
pz01s9mqzdk,56283.0,,,"{""baseline-age"":18,""baseline-race"":[""Asian""],""baseline-listen-frequency"":""Always"",""baseline-listening-device"":""Over-ear headphones"",""baseline-music-type"":[""R&B / Soul"",""Hip-Hop / Rap""],""baseline-study-hours"":""10+"",""baseline-study-location"":[""Home"",""Coffee shop""],""baseline-study-motivation"":8}",,,,,
pz01s9mqzdk,11233.0,,,0,,,,,
pz01s9mqzdk,1995.0,math_distractor_instrumental,True,0,,,,,
pz01s9mqzdk,1781.0,math_distractor_instrumental,False,2,,,,,
pz01s9mqzdk,1582.0,math_distractor_instrumental,True,3,,,,,
pz01s9mqzdk,3582.0,math_distractor_instrumental,True,2,,,,,
pz01s9mqzdk,982.0,math_distractor_instrumental,True,1,,,,,
pz01s9mqzdk,2766.0,ooo_distractor_instrumental,True,1,,,,,
pz01s9mqzdk,1931.0,ooo_distractor_instrumental,True,3,,,,,
pz01s9mqzdk,2900.0,ooo_distractor_instrumental,True,1,,,,,
pz01s9mqzdk,2716.0,ooo_distractor_instrumental,True,0,,,,,
pz01s9mqzdk,2965.0,ooo_distractor_instrumental,True,0,,,,,
pz01s9mqzdk,17657.0,recall_instrumental,,"{""selected_answers"":[""harbor"",""mirror"",""valley"",""candle"",""mouse"",""lamp"",""piano""]}",0.7,0.3,[],0.0,"[""book"",""journal"",""radio""]"
pz01s9mqzdk,3162.0,,,0,,,,,
pz01s9mqzdk,1222.0,math_distractor_upbeat_instrumental,True,2,,,,,
pz01s9mqzdk,2346.0,math_distractor_upbeat_instrumental,True,3,,,,,
pz01s9mqzdk,1334.0,math_distractor_upbeat_instrumental,True,2,,,,,
pz01s9mqzdk,2913.0,math_distractor_upbeat_instrumental,True,3,,,,,
pz01s9mqzdk,1882.0,math_distractor_upbeat_instrumental,True,1,,,,,
pz01s9mqzdk,2565.0,ooo_distractor_upbeat_instrumental,True,2,,,,,
pz01s9mqzdk,2850.0,ooo_distractor_upbeat_instrumental,False,0,,,,,
pz01s9mqzdk,3932.0,ooo_distractor_upbeat_instrumental,True,2,,,,,
pz01s9mqzdk,2615.0,ooo_distractor_upbeat_instrumental,True,2,,,,,
pz01s9mqzdk,7134.0,ooo_distractor_upbeat_instrumental,True,1,,,,,
pz01s9mqzdk,17888.0,recall_upbeat_instrumental,,"{""selected_answers"":[""guitar"",""window"",""computer"",""horizon"",""desk"",""ceiling"",""star""]}",0.7,0.3,[],0.0,"[""cup"",""train"",""hill""]"
pz01s9mqzdk,1127.0,,,0,,,,,
pz01s9mqzdk,5511.0,math_distractor_lyrical,True,1,,,,,
pz01s9mqzdk,1866.0,math_distractor_lyrical,True,0,,,,,
pz01s9mqzdk,1999.0,math_distractor_lyrical,True,2,,,,,
pz01s9mqzdk,2131.0,math_distractor_lyrical,True,3,,,,,
pz01s9mqzdk,3649.0,math_distractor_lyrical,True,3,,,,,
pz01s9mqzdk,2733.0,ooo_distractor_lyrical,True,1,,,,,
pz01s9mqzdk,2248.0,ooo_distractor_lyrical,False,0,,,,,
pz01s9mqzdk,1963.0,ooo_distractor_lyrical,True,2,,,,,
pz01s9mqzdk,7984.0,ooo_distractor_lyrical,True,3,,,,,
pz01s9mqzdk,1914.0,ooo_distractor_lyrical,True,3,,,,,
pz01s9mqzdk,27447.0,recall_lyrical,,"{""selected_answers"":[""moon"",""apple"",""ladder"",""flower"",""pencil""]}",0.3636363636363636,0.6,"[""ladder""]",0.2,"[""forest"",""dog"",""stone"",""table"",""pathway"",""chair""]"
pz01s9mqzdk,2227.0,,,0,,,,,
pz01s9mqzdk,2429.0,math_distractor_silence,True,0,,,,,
pz01s9mqzdk,2232.0,math_distractor_silence,True,2,,,,,
pz01s9mqzdk,1216.0,math_distractor_silence,True,3,,,,,
pz01s9mqzdk,8068.0,math_distractor_silence,True,2,,,,,
pz01s9mqzdk,1862.0,math_distractor_silence,True,2,,,,,
pz01s9mqzdk,1565.0,ooo_distractor_silence,True,3,,,,,
pz01s9mqzdk,2615.0,ooo_distractor_silence,True,2,,,,,
pz01s9mqzdk,1899.0,ooo_distractor_silence,True,1,,,,,
pz01s9mqzdk,1516.0,ooo_distractor_silence,True,1,,,,,
pz01s9mqzdk,1899.0,ooo_distractor_silence,True,1,,,,,
pz01s9mqzdk,17557.0,recall_silence,,"{""selected_answers"":[""tower"",""canvas"",""lantern"",""statue"",""glacier"",""avenue""]}",0.6,0.4,[],0.0,"[""whistle"",""planet"",""fountain"",""riverbank""]"
pz01s9mqzdk,3793.0,,,0,,,,,
pz01s9mqzdk,64987.0,,,"{""reflect-study-mood"":8,""reflect-study-motivation"":7,""motivation_ranking"":[""Chill Instrumental"",""Silence"",""Lyrical Music"",""Upbeat Instrumental""],""reflect-listening-device"":""Speakers/Out loud"",""reflect-device"":""Laptop"",""reflect-music-familiarity"":""One of them"",""reflect-music-opinion"":""I liked it, but I wouldn't use it for studying"",""reflect-music-likes"":""I liked the instrumental music. "",""reflect-difficulties"":""No. "",""reflect-feedback"":""No. ""}",,,,,
p8dr9p7zjs2,6007.0,,,0,,,,,
p8dr9p7zjs2,78278.0,,,"{""baseline-age"":18,""baseline-race"":[""Hispanic, Latino, or Spanish Origin""],""baseline-listen-frequency"":""Often"",""baseline-listening-device"":""Earbuds"",""baseline-music-type"":[""Rock"",""other""],""baseline-music-type-Comment"":""Grunge and Folk"",""baseline-study-hours"":""8-9"",""baseline-study-location"":[""Home"",""Library""],""baseline-study-motivation"":6}",,,,,
p8dr9p7zjs2,4964.0,,,0,,,,,
p8dr9p7zjs2,2849.0,math_distractor_instrumental,True,1,,,,,
p8dr9p7zjs2,4053.0,math_distractor_instrumental,True,2,,,,,
p8dr9p7zjs2,6367.0,math_distractor_instrumental,True,1,,,,,
p8dr9p7zjs2,7361.0,math_distractor_instrumental,True,2,,,,,
p8dr9p7zjs2,6247.0,math_distractor_instrumental,True,2,,,,,
p8dr9p7zjs2,4100.0,ooo_distractor_instrumental,True,0,,,,,
p8dr9p7zjs2,4050.0,ooo_distractor_instrumental,True,3,,,,,
p8dr9p7zjs2,1708.0,ooo_distractor_instrumental,True,3,,,,,
p8dr9p7zjs2,1466.0,ooo_distractor_instrumental,True,2,,,,,
p8dr9p7zjs2,3709.0,ooo_distractor_instrumental,False,1,,,,,
p8dr9p7zjs2,21849.0,recall_instrumental,,"{""selected_answers"":[""road"",""mirror"",""piano"",""radio"",""car"",""lamp"",""harbor"",""ocean"",""candle"",""mouse""]}",1.0,0.0,[],0.0,[]
p8dr9p7zjs2,2349.0,,,0,,,,,
p8dr9p7zjs2,2168.0,math_distractor_silence,True,3,,,,,
p8dr9p7zjs2,7258.0,math_distractor_silence,True,2,,,,,
p8dr9p7zjs2,5430.0,math_distractor_silence,True,3,,,,,
p8dr9p7zjs2,2493.0,math_distractor_silence,True,0,,,,,
p8dr9p7zjs2,2963.0,math_distractor_silence,True,1,,,,,
p8dr9p7zjs2,2210.0,ooo_distractor_silence,True,1,,,,,
p8dr9p7zjs2,1416.0,ooo_distractor_silence,True,0,,,,,
p8dr9p7zjs2,2405.0,ooo_distractor_silence,True,1,,,,,
p8dr9p7zjs2,1615.0,ooo_distractor_silence,True,3,,,,,
p8dr9p7zjs2,1481.0,ooo_distractor_silence,True,3,,,,,
p8dr9p7zjs2,30002.0,recall_silence,,"{""selected_answers"":[""avenue"",""saddle"",""lantern"",""meadow"",""planet"",""fountain"",""whistle"",""plank"",""tower"",""glacier""]}",0.8181818181818182,0.1,"[""plank""]",0.1,"[""notebook""]"
p8dr9p7zjs2,1524.0,,,0,,,,,
p8dr9p7zjs2,3871.0,math_distractor_upbeat_instrumental,True,0,,,,,
p8dr9p7zjs2,2491.0,math_distractor_upbeat_instrumental,True,2,,,,,
p8dr9p7zjs2,1688.0,math_distractor_upbeat_instrumental,True,0,,,,,
p8dr9p7zjs2,1856.0,math_distractor_upbeat_instrumental,True,3,,,,,
p8dr9p7zjs2,2129.0,math_distractor_upbeat_instrumental,True,1,,,,,
p8dr9p7zjs2,2236.0,ooo_distractor_upbeat_instrumental,True,3,,,,,
p8dr9p7zjs2,2588.0,ooo_distractor_upbeat_instrumental,True,3,,,,,
p8dr9p7zjs2,1927.0,ooo_distractor_upbeat_instrumental,True,0,,,,,
p8dr9p7zjs2,2220.0,ooo_distractor_upbeat_instrumental,True,1,,,,,
p8dr9p7zjs2,7038.0,ooo_distractor_upbeat_instrumental,True,3,,,,,
p8dr9p7zjs2,21191.0,recall_upbeat_instrumental,,"{""selected_answers"":[""flower"",""apple"",""pathway"",""bridge"",""table"",""cloud"",""river"",""forest"",""sun""]}",0.9,0.1,[],0.0,"[""stone""]"
p8dr9p7zjs2,1832.0,,,0,,,,,
p8dr9p7zjs2,7725.0,math_distractor_lyrical,True,3,,,,,
p8dr9p7zjs2,1683.0,math_distractor_lyrical,True,3,,,,,
p8dr9p7zjs2,1543.0,math_distractor_lyrical,True,3,,,,,
p8dr9p7zjs2,5417.0,math_distractor_lyrical,True,2,,,,,
p8dr9p7zjs2,2186.0,math_distractor_lyrical,True,2,,,,,
p8dr9p7zjs2,2787.0,ooo_distractor_lyrical,True,0,,,,,
p8dr9p7zjs2,3093.0,ooo_distractor_lyrical,True,3,,,,,
p8dr9p7zjs2,2310.0,ooo_distractor_lyrical,True,0,,,,,
p8dr9p7zjs2,4004.0,ooo_distractor_lyrical,True,3,,,,,
p8dr9p7zjs2,7212.0,ooo_distractor_lyrical,True,0,,,,,
p8dr9p7zjs2,14530.0,recall_lyrical,,"{""selected_answers"":[""hill"",""door"",""tree"",""pillow"",""cup"",""ceiling"",""stream"",""desert"",""glasses""]}",0.5833333333333334,0.3,"[""pillow"",""glasses""]",0.2222222222222222,"[""keyboard"",""horizon"",""computer""]"
p8dr9p7zjs2,1091.0,,,0,,,,,
p8dr9p7zjs2,57091.0,,,"{""reflect-study-motivation"":3,""motivation_ranking"":[""Chill Instrumental"",""Silence"",""Upbeat Instrumental"",""Lyrical Music""],""reflect-study-mood"":6,""reflect-listening-device"":""Earbuds"",""reflect-device"":""Laptop"",""reflect-music-familiarity"":""Neither"",""reflect-music-opinion"":""I liked it, but I wouldn't use it for studying"",""reflect-music-likes"":""both"",""reflect-difficulties"":""no"",""reflect-feedback"":""no""}",,,,,
p0j4gk7z0tg,173094.0,,,0,,,,,
p0j4gk7z0tg,64659.0,,,"{""baseline-age"":19,""baseline-race"":[""Hispanic, Latino, or Spanish Origin"",""Asian""],""baseline-listen-frequency"":""Sometimes"",""baseline-listening-device"":""Speakers/Out loud"",""baseline-music-type"":[""Pop"",""R&B / Soul""],""baseline-study-hours"":""4-5"",""baseline-study-location"":[""Home""],""baseline-study-motivation"":7}",,,,,
p0j4gk7z0tg,6782.0,,,0,,,,,
p0j4gk7z0tg,2059.0,math_distractor_silence,True,2,,,,,
p0j4gk7z0tg,6015.0,math_distractor_silence,True,3,,,,,
p0j4gk7z0tg,3319.0,math_distractor_silence,True,1,,,,,
p0j4gk7z0tg,2326.0,math_distractor_silence,True,0,,,,,
p0j4gk7z0tg,1853.0,math_distractor_silence,True,3,,,,,
p0j4gk7z0tg,4437.0,ooo_distractor_silence,True,0,,,,,
p0j4gk7z0tg,2246.0,ooo_distractor_silence,True,3,,,,,
p0j4gk7z0tg,6781.0,ooo_distractor_silence,True,2,,,,,
p0j4gk7z0tg,2503.0,ooo_distractor_silence,True,1,,,,,
p0j4gk7z0tg,2615.0,ooo_distractor_silence,True,2,,,,,
p0j4gk7z0tg,15008.0,recall_silence,,"{""selected_answers"":[""notebook"",""canvas"",""parade"",""saddle"",""basket"",""riverbank""]}",0.6,0.4,[],0.0,"[""whistle"",""fountain"",""statue"",""planet""]"
p0j4gk7z0tg,4757.0,,,0,,,,,
p0j4gk7z0tg,2994.0,math_distractor_lyrical,True,1,,,,,
p0j4gk7z0tg,4862.0,math_distractor_lyrical,True,2,,,,,
p0j4gk7z0tg,1051.0,math_distractor_lyrical,True,2,,,,,
p0j4gk7z0tg,1740.0,math_distractor_lyrical,True,0,,,,,
p0j4gk7z0tg,2006.0,math_distractor_lyrical,True,3,,,,,
p0j4gk7z0tg,2182.0,ooo_distractor_lyrical,True,2,,,,,
p0j4gk7z0tg,2591.0,ooo_distractor_lyrical,True,1,,,,,
p0j4gk7z0tg,1892.0,ooo_distractor_lyrical,True,2,,,,,
p0j4gk7z0tg,4679.0,ooo_distractor_lyrical,True,1,,,,,
p0j4gk7z0tg,1741.0,ooo_distractor_lyrical,True,1,,,,,
p0j4gk7z0tg,13748.0,recall_lyrical,,"{""selected_answers"":[""cup"",""star"",""door"",""window""]}",0.4,0.6,[],0.0,"[""train"",""desert"",""stream"",""desk"",""hill"",""ceiling""]"
p0j4gk7z0tg,2879.0,,,0,,,,,
p0j4gk7z0tg,2251.0,math_distractor_upbeat_instrumental,True,2,,,,,
p0j4gk7z0tg,1667.0,math_distractor_upbeat_instrumental,True,1,,,,,
p0j4gk7z0tg,3298.0,math_distractor_upbeat_instrumental,True,2,,,,,
p0j4gk7z0tg,2318.0,math_distractor_upbeat_instrumental,True,3,,,,,
p0j4gk7z0tg,1815.0,math_distractor_upbeat_instrumental,True,3,,,,,
p0j4gk7z0tg,2945.0,ooo_distractor_upbeat_instrumental,True,2,,,,,
p0j4gk7z0tg,2599.0,ooo_distractor_upbeat_instrumental,True,1,,,,,
p0j4gk7z0tg,1989.0,ooo_distractor_upbeat_instrumental,True,1,,,,,
p0j4gk7z0tg,1940.0,ooo_distractor_upbeat_instrumental,True,3,,,,,
p0j4gk7z0tg,2319.0,ooo_distractor_upbeat_instrumental,True,0,,,,,
p0j4gk7z0tg,12944.0,recall_upbeat_instrumental,,"{""selected_answers"":[""pencil"",""pathway"",""table"",""apple""]}",0.4,0.6,[],0.0,"[""stone"",""moon"",""flower"",""bridge"",""house"",""dog""]"
p0j4gk7z0tg,1893.0,,,0,,,,,
p0j4gk7z0tg,6022.0,math_distractor_instrumental,True,2,,,,,
p0j4gk7z0tg,2069.0,math_distractor_instrumental,True,2,,,,,
p0j4gk7z0tg,1419.0,math_distractor_instrumental,True,1,,,,,
p0j4gk7z0tg,1491.0,math_distractor_instrumental,True,3,,,,,
p0j4gk7z0tg,2221.0,math_distractor_instrumental,True,0,,,,,
p0j4gk7z0tg,3137.0,ooo_distractor_instrumental,True,2,,,,,
p0j4gk7z0tg,2341.0,ooo_distractor_instrumental,False,3,,,,,
p0j4gk7z0tg,2687.0,ooo_distractor_instrumental,True,1,,,,,
p0j4gk7z0tg,1804.0,ooo_distractor_instrumental,True,3,,,,,
p0j4gk7z0tg,2262.0,ooo_distractor_instrumental,True,1,,,,,
p0j4gk7z0tg,13889.0,recall_instrumental,,"{""selected_answers"":[""candle"",""mouse"",""ladder""]}",0.1818181818181818,0.8,"[""ladder""]",0.3333333333333333,"[""valley"",""book"",""car"",""mirror"",""radio"",""harbor"",""road"",""journal""]"
p0j4gk7z0tg,4837.0,,,0,,,,,
p0j4gk7z0tg,103488.0,,,"{""reflect-study-mood"":6,""reflect-study-motivation"":7,""motivation_ranking"":[""Silence"",""Upbeat Instrumental"",""Chill Instrumental"",""Lyrical Music""],""reflect-listening-device"":""Earbuds"",""reflect-device"":""Laptop"",""reflect-music-familiarity"":""One of them"",""reflect-music-opinion"":""I liked it, but I wouldn't use it for studying"",""reflect-music-likes"":""I did not dislike the first one but I focus better without music"",""reflect-difficulties"":""n/a"",""reflect-feedback"":""I enjoyed it even though I had a hard time remembering the words""}",,,,,
pqsy7tr26s1,24071.0,,,0,,,,,
pqsy7tr26s1,52275.0,,,"{""baseline-age"":18,""baseline-race"":[""Hispanic, Latino, or Spanish Origin""],""baseline-listen-frequency"":""Often"",""baseline-listening-device"":""Earbuds"",""baseline-music-type"":[""R&B / Soul"",""K-Pop / J-Pop"",""Pop""],""baseline-study-hours"":""6-7"",""baseline-study-location"":[""Home"",""Library""],""baseline-study-motivation"":4}",,,,,
pqsy7tr26s1,8688.0,,,0,,,,,
pqsy7tr26s1,11642.0,math_distractor_instrumental,False,3,,,,,
pqsy7tr26s1,4344.0,math_distractor_instrumental,True,3,,,,,
pqsy7tr26s1,1896.0,math_distractor_instrumental,True,1,,,,,
pqsy7tr26s1,10142.0,math_distractor_instrumental,True,2,,,,,
pqsy7tr26s1,3231.0,math_distractor_instrumental,True,0,,,,,
pqsy7tr26s1,4128.0,ooo_distractor_instrumental,False,1,,,,,
pqsy7tr26s1,2541.0,ooo_distractor_instrumental,True,0,,,,,
pqsy7tr26s1,5115.0,ooo_distractor_instrumental,True,0,,,,,
pqsy7tr26s1,4834.0,ooo_distractor_instrumental,True,2,,,,,
pqsy7tr26s1,2287.0,ooo_distractor_instrumental,True,3,,,,,
pqsy7tr26s1,14143.0,recall_instrumental,,"{""selected_answers"":[""door"",""train"",""hill"",""window"",""computer"",""desk"",""tree"",""ceiling"",""desert""]}",0.9,0.1,[],0.0,"[""stream""]"
pqsy7tr26s1,14110.0,,,0,,,,,
pqsy7tr26s1,2069.0,math_distractor_lyrical,True,2,,,,,
pqsy7tr26s1,1544.0,math_distractor_lyrical,True,0,,,,,
pqsy7tr26s1,1302.0,math_distractor_lyrical,True,3,,,,,
pqsy7tr26s1,2698.0,math_distractor_lyrical,True,2,,,,,
pqsy7tr26s1,1327.0,math_distractor_lyrical,True,1,,,,,
pqsy7tr26s1,1613.0,ooo_distractor_lyrical,True,3,,,,,
pqsy7tr26s1,1689.0,ooo_distractor_lyrical,False,2,,,,,
pqsy7tr26s1,2024.0,ooo_distractor_lyrical,True,3,,,,,
pqsy7tr26s1,5017.0,ooo_distractor_lyrical,True,0,,,,,
pqsy7tr26s1,3686.0,ooo_distractor_lyrical,True,0,,,,,
pqsy7tr26s1,22269.0,recall_lyrical,,"{""selected_answers"":[""riverbank"",""avenue"",""meadow"",""statue"",""whistle"",""lantern"",""shadow""]}",0.5454545454545454,0.4,"[""shadow""]",0.1428571428571428,"[""canvas"",""saddle"",""fountain"",""planet""]"
pqsy7tr26s1,8461.0,,,0,,,,,
pqsy7tr26s1,1576.0,math_distractor_upbeat_instrumental,True,1,,,,,
pqsy7tr26s1,1398.0,math_distractor_upbeat_instrumental,True,0,,,,,
pqsy7tr26s1,1777.0,math_distractor_upbeat_instrumental,False,1,,,,,
pqsy7tr26s1,1711.0,math_distractor_upbeat_instrumental,True,2,,,,,
pqsy7tr26s1,1439.0,math_distractor_upbeat_instrumental,True,3,,,,,
pqsy7tr26s1,1288.0,ooo_distractor_upbeat_instrumental,True,2,,,,,
pqsy7tr26s1,1328.0,ooo_distractor_upbeat_instrumental,True,1,,,,,
pqsy7tr26s1,2167.0,ooo_distractor_upbeat_instrumental,True,1,,,,,
pqsy7tr26s1,1567.0,ooo_distractor_upbeat_instrumental,True,3,,,,,
pqsy7tr26s1,2297.0,ooo_distractor_upbeat_instrumental,True,2,,,,,
pqsy7tr26s1,18808.0,recall_upbeat_instrumental,,"{""selected_answers"":[""moon"",""apple"",""sun"",""cloud"",""bridge"",""dog"",""house""]}",0.7,0.3,[],0.0,"[""chair"",""pencil"",""table""]"
pqsy7tr26s1,3083.0,,,0,,,,,
pqsy7tr26s1,2239.0,math_distractor_silence,False,0,,,,,
pqsy7tr26s1,5100.0,math_distractor_silence,False,0,,,,,
pqsy7tr26s1,4591.0,math_distractor_silence,True,2,,,,,
pqsy7tr26s1,1672.0,math_distractor_silence,True,3,,,,,
pqsy7tr26s1,1541.0,math_distractor_silence,False,0,,,,,
pqsy7tr26s1,4399.0,ooo_distractor_silence,True,2,,,,,
pqsy7tr26s1,1031.0,ooo_distractor_silence,True,3,,,,,
pqsy7tr26s1,1447.0,ooo_distractor_silence,True,1,,,,,
pqsy7tr26s1,2208.0,ooo_distractor_silence,True,1,,,,,
pqsy7tr26s1,4321.0,ooo_distractor_silence,True,3,,,,,
pqsy7tr26s1,15311.0,recall_silence,,"{""selected_answers"":[""car"",""candle"",""book"",""lamp"",""valley"",""piano"",""phone"",""mirror"",""mouse""]}",0.9,0.1,[],0.0,"[""radio""]"
pqsy7tr26s1,5375.0,,,0,,,,,
pqsy7tr26s1,163810.0,,,"{""reflect-study-mood"":8,""reflect-study-motivation"":7,""motivation_ranking"":[""Lyrical Music"",""Upbeat Instrumental"",""Chill Instrumental"",""Silence""],""reflect-listening-device"":""Earbuds"",""reflect-device"":""Laptop"",""reflect-music-familiarity"":""Both of them"",""reflect-music-opinion"":""I liked it and would use it for studying"",""reflect-music-likes"":""both were good because it they were upbeat "",""reflect-difficulties"":""No"",""reflect-feedback"":""it was fun""}",,,,,
pvkh9600sku,15338.0,,,0,,,,,
pvkh9600sku,52307.0,,,"{""baseline-age"":18,""baseline-race"":[""Asian""],""baseline-listen-frequency"":""Sometimes"",""baseline-listening-device"":""Over-ear headphones"",""baseline-music-type"":[""Nature Sounds / White Noise""],""baseline-study-hours"":""10+"",""baseline-study-location"":[""Home""],""baseline-study-motivation"":7}",,,,,
pvkh9600sku,12432.0,,,0,,,,,
pvkh9600sku,2534.0,math_distractor_upbeat_instrumental,True,3,,,,,
pvkh9600sku,2612.0,math_distractor_upbeat_instrumental,True,2,,,,,
pvkh9600sku,1830.0,math_distractor_upbeat_instrumental,True,3,,,,,
pvkh9600sku,1465.0,math_distractor_upbeat_instrumental,True,0,,,,,
pvkh9600sku,2400.0,math_distractor_upbeat_instrumental,False,0,,,,,
pvkh9600sku,3055.0,ooo_distractor_upbeat_instrumental,True,2,,,,,
pvkh9600sku,1488.0,ooo_distractor_upbeat_instrumental,True,3,,,,,
pvkh9600sku,1473.0,ooo_distractor_upbeat_instrumental,False,3,,,,,
pvkh9600sku,1255.0,ooo_distractor_upbeat_instrumental,True,3,,,,,
pvkh9600sku,2511.0,ooo_distractor_upbeat_instrumental,True,2,,,,,
pvkh9600sku,16126.0,recall_upbeat_instrumental,,"{""selected_answers"":[""apple"",""moon"",""flower"",""table"",""pathway"",""pencil"",""chair"",""sun"",""bridge"",""cloud""]}",1.0,0.0,[],0.0,[]
pvkh9600sku,2852.0,,,0,,,,,
pvkh9600sku,1415.0,math_distractor_lyrical,True,2,,,,,
pvkh9600sku,1197.0,math_distractor_lyrical,True,1,,,,,
pvkh9600sku,2460.0,math_distractor_lyrical,True,3,,,,,
pvkh9600sku,1205.0,math_distractor_lyrical,True,2,,,,,
pvkh9600sku,1652.0,math_distractor_lyrical,True,2,,,,,
pvkh9600sku,1927.0,ooo_distractor_lyrical,True,3,,,,,
pvkh9600sku,1393.0,ooo_distractor_lyrical,True,3,,,,,
pvkh9600sku,2013.0,ooo_distractor_lyrical,True,3,,,,,
pvkh9600sku,1784.0,ooo_distractor_lyrical,True,0,,,,,
pvkh9600sku,1302.0,ooo_distractor_lyrical,True,3,,,,,
pvkh9600sku,20574.0,recall_lyrical,,"{""selected_answers"":[""ceiling"",""keyboard"",""clipboard"",""train"",""whisper"",""window"",""guitar"",""horizon"",""desk"",""desert""]}",0.6666666666666666,0.2,"[""clipboard"",""whisper""]",0.2,"[""computer"",""star""]"
pvkh9600sku,2124.0,,,0,,,,,
pvkh9600sku,1751.0,math_distractor_instrumental,True,0,,,,,
pvkh9600sku,1958.0,math_distractor_instrumental,True,1,,,,,
pvkh9600sku,1578.0,math_distractor_instrumental,True,3,,,,,
pvkh9600sku,2605.0,math_distractor_instrumental,True,0,,,,,
pvkh9600sku,1414.0,math_distractor_instrumental,True,2,,,,,
pvkh9600sku,1654.0,ooo_distractor_instrumental,True,1,,,,,
pvkh9600sku,1457.0,ooo_distractor_instrumental,True,1,,,,,
pvkh9600sku,2369.0,ooo_distractor_instrumental,True,1,,,,,
pvkh9600sku,1698.0,ooo_distractor_instrumental,True,1,,,,,
pvkh9600sku,1376.0,ooo_distractor_instrumental,True,0,,,,,
pvkh9600sku,18379.0,recall_instrumental,,"{""selected_answers"":[""suitcase"",""saddle"",""tower"",""avenue"",""whistle"",""parade"",""canvas"",""basket"",""blanket""]}",0.5833333333333334,0.3,"[""suitcase"",""blanket""]",0.2222222222222222,"[""glacier"",""statue"",""planet""]"
pvkh9600sku,3126.0,,,0,,,,,
pvkh9600sku,3197.0,math_distractor_silence,True,3,,,,,
pvkh9600sku,1322.0,math_distractor_silence,True,1,,,,,
pvkh9600sku,7882.0,math_distractor_silence,True,2,,,,,
pvkh9600sku,2004.0,math_distractor_silence,True,1,,,,,
pvkh9600sku,1359.0,math_distractor_silence,True,3,,,,,
pvkh9600sku,1646.0,ooo_distractor_silence,True,2,,,,,
pvkh9600sku,1138.0,ooo_distractor_silence,True,3,,,,,
pvkh9600sku,2013.0,ooo_distractor_silence,True,1,,,,,
pvkh9600sku,1496.0,ooo_distractor_silence,True,0,,,,,
pvkh9600sku,1264.0,ooo_distractor_silence,True,3,,,,,
pvkh9600sku,19209.0,recall_silence,,"{""selected_answers"":[""car"",""harbor"",""radio"",""mirror"",""remote"",""mountain"",""helmet"",""lamp""]}",0.5,0.4,"[""remote"",""helmet""]",0.25,"[""book"",""candle"",""ocean"",""journal""]"
pvkh9600sku,1477.0,,,0,,,,,
pvkh9600sku,75952.0,,,"{""reflect-study-mood"":7,""reflect-study-motivation"":6,""motivation_ranking"":[""Chill Instrumental"",""Upbeat Instrumental"",""Silence"",""Lyrical Music""],""reflect-listening-device"":""Over-ear headphones"",""reflect-device"":""Laptop"",""reflect-music-familiarity"":""Neither"",""reflect-music-opinion"":""I liked it, but I wouldn't use it for studying"",""reflect-music-likes"":""I liked the chill music"",""reflect-difficulties"":null,""reflect-feedback"":null}",,,,,
ph42gfpkfdj,2554.0,,,0,,,,,
ph42gfpkfdj,46273.0,,,"{""baseline-age"":20,""baseline-race"":[""White""],""baseline-listen-frequency"":""Often"",""baseline-listening-device"":""Over-ear headphones"",""baseline-music-type"":[""Classical""],""baseline-study-hours"":""8-9"",""baseline-study-location"":[""Home""],""baseline-study-motivation"":7}",,,,,
ph42gfpkfdj,8356.0,,,0,,,,,
ph42gfpkfdj,2570.0,math_distractor_instrumental,True,1,,,,,
ph42gfpkfdj,4588.0,math_distractor_instrumental,False,1,,,,,
ph42gfpkfdj,3093.0,math_distractor_instrumental,True,2,,,,,
ph42gfpkfdj,3160.0,math_distractor_instrumental,True,2,,,,,
ph42gfpkfdj,1666.0,math_distractor_instrumental,True,3,,,,,
ph42gfpkfdj,3768.0,ooo_distractor_instrumental,True,0,,,,,
ph42gfpkfdj,5678.0,ooo_distractor_instrumental,True,2,,,,,
ph42gfpkfdj,2356.0,ooo_distractor_instrumental,True,1,,,,,
ph42gfpkfdj,1651.0,ooo_distractor_instrumental,True,3,,,,,
ph42gfpkfdj,1920.0,ooo_distractor_instrumental,True,3,,,,,
ph42gfpkfdj,13324.0,recall_instrumental,,"{""selected_answers"":[""parade"",""statue"",""planet"",""tower"",""canvas"",""saddle"",""whistle"",""fountain"",""riverbank"",""meadow""]}",1.0,0.0,[],0.0,[]
ph42gfpkfdj,1826.0,,,0,,,,,
ph42gfpkfdj,2079.0,math_distractor_silence,True,2,,,,,
ph42gfpkfdj,1265.0,math_distractor_silence,True,2,,,,,
ph42gfpkfdj,2242.0,math_distractor_silence,True,0,,,,,
ph42gfpkfdj,1313.0,math_distractor_silence,True,0,,,,,
ph42gfpkfdj,1501.0,math_distractor_silence,True,1,,,,,
ph42gfpkfdj,2777.0,ooo_distractor_silence,True,1,,,,,
ph42gfpkfdj,3248.0,ooo_distractor_silence,True,3,,,,,
ph42gfpkfdj,2225.0,ooo_distractor_silence,False,2,,,,,
ph42gfpkfdj,2121.0,ooo_distractor_silence,True,2,,,,,
ph42gfpkfdj,1767.0,ooo_distractor_silence,True,1,,,,,
ph42gfpkfdj,14449.0,recall_silence,,"{""selected_answers"":[""phone"",""harbor"",""candle"",""journal"",""car"",""radio"",""book"",""candlewick"",""mountain""]}",0.7272727272727273,0.2,"[""candlewick""]",0.1111111111111111,"[""road"",""mouse""]"
ph42gfpkfdj,1923.0,,,0,,,,,
ph42gfpkfdj,1463.0,math_distractor_lyrical,True,3,,,,,
ph42gfpkfdj,1699.0,math_distractor_lyrical,True,3,,,,,
ph42gfpkfdj,1521.0,math_distractor_lyrical,True,2,,,,,
ph42gfpkfdj,2477.0,math_distractor_lyrical,True,1,,,,,
ph42gfpkfdj,1322.0,math_distractor_lyrical,True,0,,,,,
ph42gfpkfdj,5990.0,ooo_distractor_lyrical,False,3,,,,,
ph42gfpkfdj,1848.0,ooo_distractor_lyrical,True,1,,,,,
ph42gfpkfdj,2925.0,ooo_distractor_lyrical,True,2,,,,,
ph42gfpkfdj,3834.0,ooo_distractor_lyrical,True,1,,,,,
ph42gfpkfdj,2530.0,ooo_distractor_lyrical,True,2,,,,,
ph42gfpkfdj,15735.0,recall_lyrical,,"{""selected_answers"":[""window"",""hill"",""ceiling"",""desert"",""train"",""stopwatch"",""cup"",""desk""]}",0.6363636363636364,0.3,"[""stopwatch""]",0.125,"[""keyboard"",""door"",""guitar""]"
ph42gfpkfdj,2811.0,,,0,,,,,
ph42gfpkfdj,2754.0,math_distractor_upbeat_instrumental,True,2,,,,,
ph42gfpkfdj,2454.0,math_distractor_upbeat_instrumental,True,3,,,,,
ph42gfpkfdj,2428.0,math_distractor_upbeat_instrumental,True,2,,,,,
ph42gfpkfdj,2646.0,math_distractor_upbeat_instrumental,True,1,,,,,
ph42gfpkfdj,1687.0,math_distractor_upbeat_instrumental,True,3,,,,,
ph42gfpkfdj,1712.0,ooo_distractor_upbeat_instrumental,True,3,,,,,
ph42gfpkfdj,2737.0,ooo_distractor_upbeat_instrumental,True,2,,,,,
ph42gfpkfdj,1968.0,ooo_distractor_upbeat_instrumental,True,1,,,,,
ph42gfpkfdj,1867.0,ooo_distractor_upbeat_instrumental,True,0,,,,,
ph42gfpkfdj,2915.0,ooo_distractor_upbeat_instrumental,True,1,,,,,
ph42gfpkfdj,12789.0,recall_upbeat_instrumental,,"{""selected_answers"":[""house"",""bridge"",""pathway"",""apple"",""table"",""dog"",""river""]}",0.7,0.3,[],0.0,"[""stone"",""sun"",""forest""]"
ph42gfpkfdj,4745.0,,,0,,,,,
ph42gfpkfdj,70990.0,,,"{""reflect-study-mood"":8,""reflect-study-motivation"":7,""motivation_ranking"":[""Silence"",""Chill Instrumental"",""Upbeat Instrumental"",""Lyrical Music""],""reflect-device"":""Desktop Computer"",""reflect-listening-device"":""Over-ear headphones"",""reflect-music-familiarity"":""Neither"",""reflect-music-opinion"":""I liked it, but I wouldn't use it for studying"",""reflect-music-likes"":""I liked them all. Not very judgemental"",""reflect-difficulties"":null,""reflect-feedback"":null}",,,,,
plvbsn0gqqh,8248.0,,,0,,,,,
plvbsn0gqqh,43832.0,,,"{""baseline-age"":21,""baseline-race"":[""White""],""baseline-listen-frequency"":""Sometimes"",""baseline-listening-device"":""Over-ear headphones"",""baseline-music-type"":[""Classical"",""Lo-fi / Chillhop""],""baseline-study-hours"":""6-7"",""baseline-study-location"":[""Home""],""baseline-study-motivation"":6}",,,,,
plvbsn0gqqh,6811.0,,,0,,,,,
plvbsn0gqqh,2681.0,math_distractor_lyrical,True,3,,,,,
plvbsn0gqqh,1445.0,math_distractor_lyrical,True,3,,,,,
plvbsn0gqqh,1625.0,math_distractor_lyrical,True,1,,,,,
plvbsn0gqqh,2521.0,math_distractor_lyrical,True,0,,,,,
plvbsn0gqqh,1365.0,math_distractor_lyrical,True,0,,,,,
plvbsn0gqqh,3074.0,ooo_distractor_lyrical,True,2,,,,,
plvbsn0gqqh,1825.0,ooo_distractor_lyrical,True,2,,,,,
plvbsn0gqqh,1949.0,ooo_distractor_lyrical,True,0,,,,,
plvbsn0gqqh,2541.0,ooo_distractor_lyrical,True,2,,,,,
plvbsn0gqqh,2653.0,ooo_distractor_lyrical,True,1,,,,,
plvbsn0gqqh,11010.0,recall_lyrical,,"{""selected_answers"":[""harbor"",""ocean"",""lamp"",""radio"",""book"",""valley""]}",0.6,0.4,[],0.0,"[""journal"",""mountain"",""mirror"",""road""]"
plvbsn0gqqh,4706.0,,,0,,,,,
plvbsn0gqqh,2092.0,math_distractor_silence,True,2,,,,,
plvbsn0gqqh,1575.0,math_distractor_silence,True,1,,,,,
plvbsn0gqqh,1265.0,math_distractor_silence,True,1,,,,,
plvbsn0gqqh,1227.0,math_distractor_silence,True,0,,,,,
plvbsn0gqqh,3097.0,math_distractor_silence,True,2,,,,,
plvbsn0gqqh,2457.0,ooo_distractor_silence,True,0,,,,,
plvbsn0gqqh,1649.0,ooo_distractor_silence,True,0,,,,,
plvbsn0gqqh,2217.0,ooo_distractor_silence,True,0,,,,,
plvbsn0gqqh,1977.0,ooo_distractor_silence,True,3,,,,,
plvbsn0gqqh,1695.0,ooo_distractor_silence,True,0,,,,,
plvbsn0gqqh,8907.0,recall_silence,,"{""selected_answers"":[""table"",""stone"",""moon"",""bridge""]}",0.4,0.6,[],0.0,"[""chair"",""pathway"",""river"",""house"",""pencil"",""flower""]"
plvbsn0gqqh,5633.0,,,0,,,,,
plvbsn0gqqh,2060.0,math_distractor_instrumental,True,1,,,,,
plvbsn0gqqh,1832.0,math_distractor_instrumental,True,2,,,,,
plvbsn0gqqh,1427.0,math_distractor_instrumental,True,3,,,,,
plvbsn0gqqh,2471.0,math_distractor_instrumental,False,3,,,,,
plvbsn0gqqh,1801.0,math_distractor_instrumental,True,3,,,,,
plvbsn0gqqh,2991.0,ooo_distractor_instrumental,True,0,,,,,
plvbsn0gqqh,1493.0,ooo_distractor_instrumental,True,2,,,,,
plvbsn0gqqh,1266.0,ooo_distractor_instrumental,True,0,,,,,
plvbsn0gqqh,2587.0,ooo_distractor_instrumental,False,1,,,,,
plvbsn0gqqh,1487.0,ooo_distractor_instrumental,True,3,,,,,
plvbsn0gqqh,10869.0,recall_instrumental,,"{""selected_answers"":[""parade"",""lighthouse"",""notebook"",""avenue"",""planet"",""riverbank"",""tower"",""fountain""]}",0.6363636363636364,0.3,"[""lighthouse""]",0.125,"[""saddle"",""lantern"",""whistle""]"
plvbsn0gqqh,2239.0,,,0,,,,,
plvbsn0gqqh,1556.0,math_distractor_upbeat_instrumental,True,3,,,,,
plvbsn0gqqh,1941.0,math_distractor_upbeat_instrumental,True,3,,,,,
plvbsn0gqqh,1045.0,math_distractor_upbeat_instrumental,True,2,,,,,
plvbsn0gqqh,1208.0,math_distractor_upbeat_instrumental,True,2,,,,,
plvbsn0gqqh,1065.0,math_distractor_upbeat_instrumental,True,2,,,,,
plvbsn0gqqh,3122.0,ooo_distractor_upbeat_instrumental,True,1,,,,,
plvbsn0gqqh,1275.0,ooo_distractor_upbeat_instrumental,True,2,,,,,
plvbsn0gqqh,1721.0,ooo_distractor_upbeat_instrumental,True,1,,,,,
plvbsn0gqqh,3191.0,ooo_distractor_upbeat_instrumental,True,3,,,,,
plvbsn0gqqh,2971.0,ooo_distractor_upbeat_instrumental,True,0,,,,,
plvbsn0gqqh,19027.0,recall_upbeat_instrumental,,"{""selected_answers"":[""hill"",""computer"",""stream"",""star"",""door"",""desert""]}",0.6,0.4,[],0.0,"[""ceiling"",""train"",""guitar"",""cup""]"
plvbsn0gqqh,4290.0,,,0,,,,,
plvbsn0gqqh,108564.0,,,"{""reflect-study-mood"":7,""reflect-study-motivation"":7,""motivation_ranking"":[""Upbeat Instrumental"",""Chill Instrumental"",""Silence"",""Lyrical Music""],""reflect-listening-device"":""Over-ear headphones"",""reflect-device"":""Desktop Computer"",""reflect-music-familiarity"":""One of them"",""reflect-music-opinion"":""I liked it, but I wouldn't use it for studying"",""reflect-music-likes"":""I liked the chill music. "",""reflect-feedback"":""I think I should have given more time in between each trial as I felt more focused on the first trial than by the end of the experiment."",""reflect-difficulties"":null}",,,,,
pva7eu86rbk,1805.0,,,0,,,,,
pva7eu86rbk,69445.0,,,"{""baseline-age"":20,""baseline-race"":[""White""],""baseline-listen-frequency"":""Often"",""baseline-listening-device"":""Over-ear headphones"",""baseline-music-type"":[""Lo-fi / Chillhop"",""Ambient / New Age"",""Pop""],""baseline-study-hours"":""2-3"",""baseline-study-location"":[""Coffee shop"",""Library"",""Home""],""baseline-study-motivation"":4}",,,,,
pva7eu86rbk,4958.0,,,0,,,,,
pva7eu86rbk,5042.0,math_distractor_lyrical,True,0,,,,,
pva7eu86rbk,11350.0,math_distractor_lyrical,False,3,,,,,
pva7eu86rbk,7708.0,math_distractor_lyrical,False,2,,,,,
pva7eu86rbk,2760.0,math_distractor_lyrical,True,3,,,,,
pva7eu86rbk,2148.0,math_distractor_lyrical,True,1,,,,,
pva7eu86rbk,5482.0,ooo_distractor_lyrical,True,2,,,,,
pva7eu86rbk,6771.0,ooo_distractor_lyrical,True,2,,,,,
pva7eu86rbk,3222.0,ooo_distractor_lyrical,True,3,,,,,
pva7eu86rbk,3855.0,ooo_distractor_lyrical,True,2,,,,,
pva7eu86rbk,2401.0,ooo_distractor_lyrical,True,1,,,,,
pva7eu86rbk,21604.0,recall_lyrical,,"{""selected_answers"":[""radio"",""piano"",""pillow"",""journal""]}",0.2727272727272727,0.7,"[""pillow""]",0.25,"[""valley"",""car"",""lamp"",""harbor"",""mirror"",""book"",""mountain""]"
pva7eu86rbk,2784.0,,,0,,,,,
pva7eu86rbk,1926.0,math_distractor_upbeat_instrumental,True,2,,,,,
pva7eu86rbk,7683.0,math_distractor_upbeat_instrumental,True,2,,,,,
pva7eu86rbk,3870.0,math_distractor_upbeat_instrumental,True,2,,,,,
pva7eu86rbk,7511.0,math_distractor_upbeat_instrumental,True,0,,,,,
pva7eu86rbk,5816.0,math_distractor_upbeat_instrumental,False,2,,,,,
pva7eu86rbk,2814.0,ooo_distractor_upbeat_instrumental,True,0,,,,,
pva7eu86rbk,1669.0,ooo_distractor_upbeat_instrumental,True,3,,,,,
pva7eu86rbk,5236.0,ooo_distractor_upbeat_instrumental,True,3,,,,,
pva7eu86rbk,4954.0,ooo_distractor_upbeat_instrumental,True,0,,,,,
pva7eu86rbk,6072.0,ooo_distractor_upbeat_instrumental,True,0,,,,,
pva7eu86rbk,15673.0,recall_upbeat_instrumental,,"{""selected_answers"":[""sun"",""lighthouse""]}",0.0909090909090909,0.9,"[""lighthouse""]",0.5,"[""chair"",""river"",""moon"",""pencil"",""pathway"",""dog"",""bridge"",""house"",""forest""]"
pva7eu86rbk,2470.0,,,0,,,,,
pva7eu86rbk,2448.0,math_distractor_silence,True,3,,,,,
pva7eu86rbk,2848.0,math_distractor_silence,True,3,,,,,
pva7eu86rbk,1515.0,math_distractor_silence,True,3,,,,,
pva7eu86rbk,6065.0,math_distractor_silence,False,3,,,,,
pva7eu86rbk,4049.0,math_distractor_silence,True,2,,,,,
pva7eu86rbk,3579.0,ooo_distractor_silence,False,2,,,,,
pva7eu86rbk,3012.0,ooo_distractor_silence,True,2,,,,,
pva7eu86rbk,4480.0,ooo_distractor_silence,True,0,,,,,
pva7eu86rbk,1895.0,ooo_distractor_silence,True,2,,,,,
pva7eu86rbk,3946.0,ooo_distractor_silence,True,1,,,,,
pva7eu86rbk,17702.0,recall_silence,,"{""selected_answers"":[""lantern"",""riverbank"",""statue"",""whistle"",""meadow"",""fountain""]}",0.6,0.4,[],0.0,"[""glacier"",""notebook"",""saddle"",""basket""]"
pva7eu86rbk,1418.0,,,0,,,,,
pva7eu86rbk,5008.0,math_distractor_instrumental,True,1,,,,,
pva7eu86rbk,2827.0,math_distractor_instrumental,False,2,,,,,
pva7eu86rbk,1823.0,math_distractor_instrumental,False,1,,,,,
pva7eu86rbk,1423.0,math_distractor_instrumental,False,2,,,,,
pva7eu86rbk,749.0,math_distractor_instrumental,False,1,,,,,
pva7eu86rbk,3204.0,ooo_distractor_instrumental,True,1,,,,,
pva7eu86rbk,3376.0,ooo_distractor_instrumental,True,2,,,,,
pva7eu86rbk,2697.0,ooo_distractor_instrumental,True,3,,,,,
pva7eu86rbk,1849.0,ooo_distractor_instrumental,True,2,,,,,
pva7eu86rbk,2310.0,ooo_distractor_instrumental,True,3,,,,,
pva7eu86rbk,15142.0,recall_instrumental,,"{""selected_answers"":[""ceiling"",""tree""]}",0.2,0.8,[],0.0,"[""door"",""train"",""stream"",""desk"",""computer"",""keyboard"",""star"",""hill""]"
pva7eu86rbk,3357.0,,,0,,,,,
pva7eu86rbk,70239.0,,,"{""reflect-study-motivation"":4,""reflect-study-mood"":6,""motivation_ranking"":[""Chill Instrumental"",""Silence"",""Upbeat Instrumental"",""Lyrical Music""],""reflect-listening-device"":""Speakers/Out loud"",""reflect-device"":""Phone"",""reflect-music-familiarity"":""One of them"",""reflect-music-opinion"":""I liked it and would use it for studying"",""reflect-music-likes"":""chill one "",""reflect-difficulties"":""no"",""reflect-feedback"":""was v tired doing it""}",,,,,
p0do0zvof09,4545.0,,,0,,,,,
p0do0zvof09,44920.0,,,"{""baseline-age"":18,""baseline-race"":[""Asian"",""White""],""baseline-listen-frequency"":""Always"",""baseline-listening-device"":""Over-ear headphones"",""baseline-music-type"":[""Jazz"",""Lo-fi / Chillhop"",""R&B / Soul"",""Pop"",""Rock""],""baseline-study-hours"":""4-5"",""baseline-study-location"":[""Home"",""Library""],""baseline-study-motivation"":7}",,,,,
p0do0zvof09,15250.0,,,0,,,,,
p0do0zvof09,1851.0,math_distractor_upbeat_instrumental,True,2,,,,,
p0do0zvof09,1218.0,math_distractor_upbeat_instrumental,True,3,,,,,
p0do0zvof09,2283.0,math_distractor_upbeat_instrumental,True,0,,,,,
p0do0zvof09,1608.0,math_distractor_upbeat_instrumental,True,3,,,,,
p0do0zvof09,1880.0,math_distractor_upbeat_instrumental,True,3,,,,,
p0do0zvof09,2395.0,ooo_distractor_upbeat_instrumental,False,2,,,,,
p0do0zvof09,2203.0,ooo_distractor_upbeat_instrumental,True,1,,,,,
p0do0zvof09,1324.0,ooo_distractor_upbeat_instrumental,True,2,,,,,
p0do0zvof09,2090.0,ooo_distractor_upbeat_instrumental,True,3,,,,,
p0do0zvof09,1346.0,ooo_distractor_upbeat_instrumental,True,3,,,,,
p0do0zvof09,10472.0,recall_upbeat_instrumental,,"{""selected_answers"":[""chair"",""moon"",""sun"",""stone"",""tapestry"",""pencil"",""cloud"",""apple"",""table"",""bridge""]}",0.8181818181818182,0.1,"[""tapestry""]",0.1,"[""pathway""]"
p0do0zvof09,5909.0,,,0,,,,,
p0do0zvof09,1565.0,math_distractor_silence,True,1,,,,,
p0do0zvof09,5143.0,math_distractor_silence,True,3,,,,,
p0do0zvof09,1144.0,math_distractor_silence,True,2,,,,,
p0do0zvof09,2463.0,math_distractor_silence,True,3,,,,,
p0do0zvof09,1283.0,math_distractor_silence,True,3,,,,,
p0do0zvof09,2775.0,ooo_distractor_silence,True,0,,,,,
p0do0zvof09,1646.0,ooo_distractor_silence,True,2,,,,,
p0do0zvof09,1727.0,ooo_distractor_silence,True,3,,,,,
p0do0zvof09,2160.0,ooo_distractor_silence,True,0,,,,,
p0do0zvof09,2382.0,ooo_distractor_silence,True,0,,,,,
p0do0zvof09,14738.0,recall_silence,,"{""selected_answers"":[""mirror"",""car"",""glasses"",""lamp"",""phone"",""candle"",""book""]}",0.5454545454545454,0.4,"[""glasses""]",0.1428571428571428,"[""valley"",""radio"",""harbor"",""mountain""]"
p0do0zvof09,37394.0,,,0,,,,,
p0do0zvof09,3025.0,math_distractor_instrumental,True,2,,,,,
p0do0zvof09,2690.0,math_distractor_instrumental,True,1,,,,,
p0do0zvof09,1446.0,math_distractor_instrumental,True,0,,,,,
p0do0zvof09,1804.0,math_distractor_instrumental,False,3,,,,,
p0do0zvof09,1697.0,math_distractor_instrumental,True,0,,,,,
p0do0zvof09,1707.0,ooo_distractor_instrumental,True,0,,,,,
p0do0zvof09,1848.0,ooo_distractor_instrumental,True,2,,,,,
p0do0zvof09,2489.0,ooo_distractor_instrumental,True,1,,,,,
p0do0zvof09,1990.0,ooo_distractor_instrumental,False,0,,,,,
p0do0zvof09,1767.0,ooo_distractor_instrumental,True,1,,,,,
p0do0zvof09,11969.0,recall_instrumental,,"{""selected_answers"":[""desert"",""star"",""hill"",""stream"",""keyboard"",""guitar""]}",0.6,0.4,[],0.0,"[""desk"",""cup"",""ceiling"",""computer""]"
p0do0zvof09,6534.0,,,0,,,,,
p0do0zvof09,1479.0,math_distractor_lyrical,True,2,,,,,
p0do0zvof09,902.0,math_distractor_lyrical,True,1,,,,,
p0do0zvof09,1379.0,math_distractor_lyrical,True,2,,,,,
p0do0zvof09,2626.0,math_distractor_lyrical,False,3,,,,,
p0do0zvof09,2671.0,math_distractor_lyrical,True,1,,,,,
p0do0zvof09,2996.0,ooo_distractor_lyrical,True,3,,,,,
p0do0zvof09,2455.0,ooo_distractor_lyrical,True,0,,,,,
p0do0zvof09,1127.0,ooo_distractor_lyrical,True,3,,,,,
p0do0zvof09,1195.0,ooo_distractor_lyrical,True,3,,,,,
p0do0zvof09,1601.0,ooo_distractor_lyrical,True,0,,,,,
p0do0zvof09,16827.0,recall_lyrical,,"{""selected_answers"":[""riverbank"",""basket"",""whistle"",""canvas"",""clipboard"",""planet"",""breeze"",""glacier""]}",0.5,0.4,"[""clipboard"",""breeze""]",0.25,"[""notebook"",""saddle"",""avenue"",""parade""]"
p0do0zvof09,6877.0,,,0,,,,,
p0do0zvof09,68501.0,,,"{""reflect-study-mood"":7,""reflect-study-motivation"":5,""motivation_ranking"":[""Upbeat Instrumental"",""Lyrical Music"",""Chill Instrumental"",""Silence""],""reflect-listening-device"":""Earbuds"",""reflect-device"":""Laptop"",""reflect-music-familiarity"":""One of them"",""reflect-music-opinion"":""I liked it and would use it for studying"",""reflect-music-likes"":""The first electronic track and the chill track were my favorites"",""reflect-difficulties"":""n/a"",""reflect-feedback"":""n/a""}",,,,,
ptqpgoe1lzp,49006.0,,,0,,,,,
ptqpgoe1lzp,43495.0,,,"{""baseline-age"":20,""baseline-race"":[""White""],""baseline-listen-frequency"":""Never"",""baseline-listening-device"":""I don't listen to music when studying"",""baseline-music-type"":[""none""],""baseline-study-location"":[""Home""],""baseline-study-hours"":""10+"",""baseline-study-motivation"":5}",,,,,
ptqpgoe1lzp,7630.0,,,0,,,,,
ptqpgoe1lzp,1807.0,math_distractor_upbeat_instrumental,True,3,,,,,
ptqpgoe1lzp,1643.0,math_distractor_upbeat_instrumental,True,0,,,,,
ptqpgoe1lzp,1278.0,math_distractor_upbeat_instrumental,True,2,,,,,
ptqpgoe1lzp,976.0,math_distractor_upbeat_instrumental,True,1,,,,,
ptqpgoe1lzp,1124.0,math_distractor_upbeat_instrumental,True,1,,,,,
ptqpgoe1lzp,6645.0,ooo_distractor_upbeat_instrumental,True,0,,,,,
ptqpgoe1lzp,2207.0,ooo_distractor_upbeat_instrumental,True,1,,,,,
ptqpgoe1lzp,2422.0,ooo_distractor_upbeat_instrumental,True,0,,,,,
ptqpgoe1lzp,2642.0,ooo_distractor_upbeat_instrumental,True,1,,,,,
ptqpgoe1lzp,1659.0,ooo_distractor_upbeat_instrumental,True,3,,,,,
ptqpgoe1lzp,14032.0,recall_upbeat_instrumental,,"{""selected_answers"":[""glacier"",""planet"",""parade"",""basket"",""canvas"",""notebook"",""riverbank"",""statue""]}",0.8,0.2,[],0.0,"[""whistle"",""tower""]"
ptqpgoe1lzp,13984.0,,,0,,,,,
ptqpgoe1lzp,3502.0,math_distractor_instrumental,True,2,,,,,
ptqpgoe1lzp,2557.0,math_distractor_instrumental,True,1,,,,,
ptqpgoe1lzp,1524.0,math_distractor_instrumental,True,2,,,,,
ptqpgoe1lzp,1629.0,math_distractor_instrumental,True,2,,,,,
ptqpgoe1lzp,1363.0,math_distractor_instrumental,True,1,,,,,
ptqpgoe1lzp,1555.0,ooo_distractor_instrumental,True,1,,,,,
ptqpgoe1lzp,2941.0,ooo_distractor_instrumental,True,3,,,,,
ptqpgoe1lzp,2069.0,ooo_distractor_instrumental,True,2,,,,,
ptqpgoe1lzp,3440.0,ooo_distractor_instrumental,True,2,,,,,
ptqpgoe1lzp,2926.0,ooo_distractor_instrumental,True,2,,,,,
ptqpgoe1lzp,37835.0,recall_instrumental,,"{""selected_answers"":[""moon"",""pencil"",""chalk"",""shadow"",""chair"",""stone""]}",0.3333333333333333,0.6,"[""chalk"",""shadow""]",0.3333333333333333,"[""river"",""forest"",""sun"",""cloud"",""flower"",""bridge""]"
ptqpgoe1lzp,1527.0,,,0,,,,,
ptqpgoe1lzp,6510.0,math_distractor_lyrical,True,2,,,,,
ptqpgoe1lzp,1684.0,math_distractor_lyrical,True,0,,,,,
ptqpgoe1lzp,1296.0,math_distractor_lyrical,True,3,,,,,
ptqpgoe1lzp,1189.0,math_distractor_lyrical,True,3,,,,,
ptqpgoe1lzp,1734.0,math_distractor_lyrical,True,3,,,,,
ptqpgoe1lzp,1498.0,ooo_distractor_lyrical,True,1,,,,,
ptqpgoe1lzp,1470.0,ooo_distractor_lyrical,True,1,,,,,
ptqpgoe1lzp,5057.0,ooo_distractor_lyrical,True,0,,,,,
ptqpgoe1lzp,2438.0,ooo_distractor_lyrical,True,1,,,,,
ptqpgoe1lzp,3581.0,ooo_distractor_lyrical,True,1,,,,,
ptqpgoe1lzp,21869.0,recall_lyrical,,"{""selected_answers"":[""horizon"",""guitar"",""pillow"",""towel"",""umbrella"",""train""]}",0.2307692307692307,0.7,"[""pillow"",""towel"",""umbrella""]",0.5,"[""hill"",""star"",""desk"",""window"",""stream"",""keyboard"",""tree""]"
ptqpgoe1lzp,1522.0,,,0,,,,,
ptqpgoe1lzp,3548.0,math_distractor_silence,True,3,,,,,
ptqpgoe1lzp,1288.0,math_distractor_silence,True,3,,,,,
ptqpgoe1lzp,1255.0,math_distractor_silence,True,2,,,,,
ptqpgoe1lzp,1512.0,math_distractor_silence,True,0,,,,,
ptqpgoe1lzp,1223.0,math_distractor_silence,True,2,,,,,
ptqpgoe1lzp,4639.0,ooo_distractor_silence,True,2,,,,,
ptqpgoe1lzp,5166.0,ooo_distractor_silence,True,1,,,,,
ptqpgoe1lzp,1972.0,ooo_distractor_silence,True,0,,,,,
ptqpgoe1lzp,1555.0,ooo_distractor_silence,False,1,,,,,
ptqpgoe1lzp,2224.0,ooo_distractor_silence,True,2,,,,,
ptqpgoe1lzp,16164.0,recall_silence,,"{""selected_answers"":[""mouse"",""radio"",""phone"",""stopwatch"",""piano"",""book""]}",0.4545454545454545,0.5,"[""stopwatch""]",0.1666666666666666,"[""mirror"",""road"",""harbor"",""candle"",""mountain""]"
ptqpgoe1lzp,6388.0,,,0,,,,,
ptqpgoe1lzp,85821.0,,,"{""reflect-study-mood"":8,""motivation_ranking"":[""Upbeat Instrumental"",""Lyrical Music"",""Silence"",""Chill Instrumental""],""reflect-study-motivation"":8,""reflect-listening-device"":""Over-ear headphones"",""reflect-device"":""Desktop Computer"",""reflect-music-familiarity"":""One of them"",""reflect-music-opinion"":""I liked it and would use it for studying"",""reflect-music-likes"":""I like both tracks, I've heard the one with words a million times. I'd listen to both songs but I wouldn't choose them, but if they came up I wouldn't skip them."",""reflect-difficulties"":""no"",""reflect-feedback"":"":)""}",,,,,
pj8g2zckw3z,1007.0,,,0,,,,,
pj8g2zckw3z,32639.0,,,"{""baseline-age"":22,""baseline-race"":[""Asian"",""White"",""Multiethnic""],""baseline-listen-frequency"":""Often"",""baseline-listening-device"":""Earbuds"",""baseline-music-type"":[""Lo-fi / Chillhop"",""Pop"",""Hip-Hop / Rap""],""baseline-study-hours"":""2-3"",""baseline-study-location"":[""Home"",""Library""],""baseline-study-motivation"":6}",,,,,
pj8g2zckw3z,3950.0,,,0,,,,,
pj8g2zckw3z,1626.0,math_distractor_silence,True,0,,,,,
pj8g2zckw3z,3626.0,math_distractor_silence,False,3,,,,,
pj8g2zckw3z,1246.0,math_distractor_silence,True,3,,,,,
pj8g2zckw3z,1089.0,math_distractor_silence,False,0,,,,,
pj8g2zckw3z,1642.0,math_distractor_silence,True,0,,,,,
pj8g2zckw3z,2212.0,ooo_distractor_silence,True,1,,,,,
pj8g2zckw3z,2112.0,ooo_distractor_silence,True,2,,,,,
pj8g2zckw3z,1924.0,ooo_distractor_silence,True,3,,,,,
pj8g2zckw3z,2693.0,ooo_distractor_silence,False,2,,,,,
pj8g2zckw3z,1191.0,ooo_distractor_silence,True,1,,,,,
pj8g2zckw3z,10905.0,recall_silence,,"{""selected_answers"":[""forest"",""cloud"",""sun"",""house"",""river"",""flower"",""dog"",""chair"",""stone""]}",0.9,0.1,[],0.0,"[""table""]"
pj8g2zckw3z,5216.0,,,0,,,,,
pj8g2zckw3z,2129.0,math_distractor_upbeat_instrumental,True,2,,,,,
pj8g2zckw3z,1467.0,math_distractor_upbeat_instrumental,True,3,,,,,
pj8g2zckw3z,888.0,math_distractor_upbeat_instrumental,True,1,,,,,
pj8g2zckw3z,3976.0,math_distractor_upbeat_instrumental,True,1,,,,,
pj8g2zckw3z,1563.0,math_distractor_upbeat_instrumental,True,3,,,,,
pj8g2zckw3z,1398.0,ooo_distractor_upbeat_instrumental,False,2,,,,,
pj8g2zckw3z,2037.0,ooo_distractor_upbeat_instrumental,True,3,,,,,
pj8g2zckw3z,1848.0,ooo_distractor_upbeat_instrumental,True,0,,,,,
pj8g2zckw3z,1498.0,ooo_distractor_upbeat_instrumental,True,3,,,,,
pj8g2zckw3z,2017.0,ooo_distractor_upbeat_instrumental,True,2,,,,,
pj8g2zckw3z,9995.0,recall_upbeat_instrumental,,"{""selected_answers"":[""train"",""hill"",""window"",""computer"",""desk"",""keyboard"",""horizon""]}",0.7,0.3,[],0.0,"[""cup"",""desert"",""guitar""]"
pj8g2zckw3z,2364.0,,,0,,,,,
pj8g2zckw3z,1794.0,math_distractor_lyrical,True,1,,,,,
pj8g2zckw3z,2045.0,math_distractor_lyrical,True,2,,,,,
pj8g2zckw3z,1623.0,math_distractor_lyrical,True,2,,,,,
pj8g2zckw3z,1275.0,math_distractor_lyrical,True,0,,,,,
pj8g2zckw3z,3486.0,math_distractor_lyrical,True,1,,,,,
pj8g2zckw3z,3621.0,ooo_distractor_lyrical,True,1,,,,,
pj8g2zckw3z,1433.0,ooo_distractor_lyrical,True,0,,,,,
pj8g2zckw3z,1556.0,ooo_distractor_lyrical,True,2,,,,,
pj8g2zckw3z,1285.0,ooo_distractor_lyrical,True,0,,,,,
pj8g2zckw3z,6444.0,ooo_distractor_lyrical,True,2,,,,,
pj8g2zckw3z,6607.0,recall_lyrical,,"{""selected_answers"":[""radio"",""remote"",""phone"",""harbor""]}",0.2727272727272727,0.7,"[""remote""]",0.25,"[""journal"",""mirror"",""mountain"",""road"",""candle"",""ocean"",""car""]"
pj8g2zckw3z,1900.0,,,0,,,,,
pj8g2zckw3z,2226.0,math_distractor_instrumental,True,3,,,,,
pj8g2zckw3z,2443.0,math_distractor_instrumental,True,2,,,,,
pj8g2zckw3z,1224.0,math_distractor_instrumental,True,3,,,,,
pj8g2zckw3z,1371.0,math_distractor_instrumental,True,3,,,,,
pj8g2zckw3z,1020.0,math_distractor_instrumental,True,2,,,,,
pj8g2zckw3z,2009.0,ooo_distractor_instrumental,True,2,,,,,
pj8g2zckw3z,1299.0,ooo_distractor_instrumental,True,3,,,,,
pj8g2zckw3z,1244.0,ooo_distractor_instrumental,True,1,,,,,
pj8g2zckw3z,1543.0,ooo_distractor_instrumental,True,2,,,,,
pj8g2zckw3z,2019.0,ooo_distractor_instrumental,True,1,,,,,
pj8g2zckw3z,9553.0,recall_instrumental,,"{""selected_answers"":[""fountain"",""parade"",""meadow""]}",0.3,0.7,[],0.0,"[""saddle"",""glacier"",""whistle"",""planet"",""basket"",""canvas"",""notebook""]"
pj8g2zckw3z,3155.0,,,0,,,,,
pj8g2zckw3z,52039.0,,,"{""reflect-study-mood"":6,""reflect-study-motivation"":3,""motivation_ranking"":[""Chill Instrumental"",""Silence"",""Upbeat Instrumental"",""Lyrical Music""],""reflect-listening-device"":""Over-ear headphones"",""reflect-device"":""Laptop"",""reflect-music-familiarity"":""One of them"",""reflect-music-opinion"":""I didn't like the music used"",""reflect-music-likes"":null,""reflect-difficulties"":""no"",""reflect-feedback"":""the upbeat instrumental music had lyrics""}",,,,,
ptr747qpxgf,13228.0,,,0,,,,,
ptr747qpxgf,88308.0,,,"{""baseline-age"":22,""baseline-race"":[""Hispanic, Latino, or Spanish Origin""],""baseline-listen-frequency"":""Always"",""baseline-listening-device"":""Over-ear headphones"",""baseline-music-type"":[""Classical"",""Pop"",""Rock"",""Ambient / New Age"",""Reggae"",""Electronic / EDM"",""Latin / Reggaeton""],""baseline-study-hours"":""4-5"",""baseline-study-location"":[""Home""],""baseline-study-motivation"":6}",,,,,
ptr747qpxgf,9669.0,,,0,,,,,
ptr747qpxgf,3296.0,math_distractor,True,1,,,,,
ptr747qpxgf,4983.0,math_distractor,True,1,,,,,
ptr747qpxgf,5365.0,math_distractor,True,1,,,,,
ptr747qpxgf,3951.0,,True,0,,,,,
ptr747qpxgf,26436.0,recall_instrumental,,"{""selected_words"":[""train"",""guitar"",""keyboard"",""tree"",""pillow"",""parrot""]}",0.6666666666666666,,,,
ptr747qpxgf,3440.0,math_distractor,True,1,,,,,
ptr747qpxgf,2699.0,math_distractor,True,1,,,,,
ptr747qpxgf,3099.0,math_distractor,True,1,,,,,
ptr747qpxgf,1681.0,,True,1,,,,,
ptr747qpxgf,13029.0,recall_vocal,,"{""selected_words"":[""cloud"",""flower"",""pathway"",""moon""]}",1.0,,,,
ptr747qpxgf,2429.0,math_distractor,True,1,,,,,
ptr747qpxgf,2112.0,math_distractor,True,1,,,,,
ptr747qpxgf,1546.0,math_distractor,True,1,,,,,
ptr747qpxgf,1216.0,,True,2,,,,,
ptr747qpxgf,18712.0,recall_silence,,"{""selected_words"":[""candle"",""book"",""breeze"",""car"",""road""]}",0.8,,,,
ptr747qpxgf,42663.0,,,"{""reflect-study-mood"":7,""reflect-study-motivation"":7,""reflect-listening-device"":""Speakers/Out loud"",""reflect-music-familiarity"":""Neither"",""reflect-music-opinion"":""I liked it, but I wouldn't use it for studying"",""reflect-music-likes"":null,""reflect-difficulties"":null,""reflect-feedback"":null}",,,,,
ps9zxm0rjqr,4376.0,,,0,,,,,
ps9zxm0rjqr,62231.0,,,"{""baseline-age"":21,""baseline-race"":[""White""],""baseline-listen-frequency"":""Often"",""baseline-listening-device"":""Earbuds"",""baseline-music-type"":[""Jazz"",""Classical"",""Lo-fi / Chillhop"",""Pop"",""other""],""baseline-music-type-Comment"":""Worship music"",""baseline-study-hours"":""4-5"",""baseline-study-location"":[""Coffee shop"",""Home""],""baseline-study-motivation"":6}",,,,,
ps9zxm0rjqr,2808.0,,,0,,,,,
ps9zxm0rjqr,2473.0,math_distractor,True,1,,,,,
ps9zxm0rjqr,1915.0,math_distractor,True,1,,,,,
ps9zxm0rjqr,1581.0,math_distractor,True,1,,,,,
ps9zxm0rjqr,2301.0,,True,1,,,,,
ps9zxm0rjqr,12631.0,recall_instrumental,,"{""selected_words"":[""pencil"",""table"",""moon"",""chair""]}",1.0,,,,
ps9zxm0rjqr,1956.0,math_distractor,True,1,,,,,
ps9zxm0rjqr,1364.0,math_distractor,True,1,,,,,
ps9zxm0rjqr,1199.0,math_distractor,True,1,,,,,
ps9zxm0rjqr,1181.0,,True,2,,,,,
ps9zxm0rjqr,11675.0,recall_silence,,"{""selected_words"":[""canyon"",""ocean"",""car"",""journal"",""candle""]}",0.8,,,,
ps9zxm0rjqr,1548.0,math_distractor,True,1,,,,,
ps9zxm0rjqr,1047.0,math_distractor,True,1,,,,,
ps9zxm0rjqr,1147.0,math_distractor,True,1,,,,,
ps9zxm0rjqr,998.0,,True,0,,,,,
ps9zxm0rjqr,11802.0,recall_vocal,,"{""selected_words"":[""horizon"",""meadow"",""towel""]}",0.25,,,,
ps9zxm0rjqr,40719.0,,,"{""reflect-study-mood"":6,""reflect-study-motivation"":3,""reflect-listening-device"":""Speakers/Out loud"",""reflect-music-familiarity"":""Neither"",""reflect-music-opinion"":""I liked it, but I wouldn't use it for studying"",""reflect-music-likes"":""Just the classical /jazz one "",""reflect-difficulties"":null,""reflect-feedback"":null}",,,,,
puv87vfsj5s,42633.0,,,0,,,,,
puv87vfsj5s,85685.0,,,"{""baseline-age"":40,""baseline-race"":[""White""],""baseline-listen-frequency"":""Often"",""baseline-listening-device"":""Over-ear headphones"",""baseline-music-type"":[""Ambient / New Age"",""Classical"",""Nature Sounds / White Noise"",""other""],""baseline-music-type-Comment"":""Binaural sounds"",""baseline-study-hours"":""10+"",""baseline-study-location"":[""Library"",""Home"",""Coffee shop""],""baseline-study-motivation"":6}",,,,,
puv87vfsj5s,11676.0,,,0,,,,,
puv87vfsj5s,3921.0,math_distractor_upbeat_instrumental,True,1,,,,,
puv87vfsj5s,1438.0,math_distractor_upbeat_instrumental,True,2,,,,,
puv87vfsj5s,3155.0,math_distractor_upbeat_instrumental,True,3,,,,,
puv87vfsj5s,6247.0,math_distractor_upbeat_instrumental,False,3,,,,,
puv87vfsj5s,3625.0,math_distractor_upbeat_instrumental,True,3,,,,,
puv87vfsj5s,3696.0,ooo_distractor_upbeat_instrumental,True,1,,,,,
puv87vfsj5s,2472.0,ooo_distractor_upbeat_instrumental,True,3,,,,,
puv87vfsj5s,4305.0,ooo_distractor_upbeat_instrumental,True,1,,,,,
puv87vfsj5s,11715.0,ooo_distractor_upbeat_instrumental,True,2,,,,,
puv87vfsj5s,4000.0,ooo_distractor_upbeat_instrumental,True,1,,,,,
puv87vfsj5s,28499.0,recall_upbeat_instrumental,,"{""selected_answers"":[""riverbank"",""canvas"",""meadow"",""lantern"",""parade"",""planet"",""notebook""]}",0.7,0.3,[],0.0,"[""whistle"",""avenue"",""glacier""]"
puv87vfsj5s,6129.0,,,0,,,,,
puv87vfsj5s,24282.0,math_distractor_lyrical,True,2,,,,,
puv87vfsj5s,4013.0,math_distractor_lyrical,True,2,,,,,
puv87vfsj5s,1968.0,math_distractor_lyrical,True,3,,,,,
puv87vfsj5s,2843.0,math_distractor_lyrical,True,0,,,,,
puv87vfsj5s,1671.0,math_distractor_lyrical,True,2,,,,,
puv87vfsj5s,5029.0,ooo_distractor_lyrical,True,0,,,,,
puv87vfsj5s,3892.0,ooo_distractor_lyrical,True,1,,,,,
puv87vfsj5s,3186.0,ooo_distractor_lyrical,True,1,,,,,
puv87vfsj5s,4840.0,ooo_distractor_lyrical,True,1,,,,,
puv87vfsj5s,2813.0,ooo_distractor_lyrical,True,0,,,,,
puv87vfsj5s,49463.0,recall_lyrical,,"{""selected_answers"":[""ceiling"",""desk"",""hill"",""computer"",""horizon"",""stream"",""tree""]}",0.7,0.3,[],0.0,"[""desert"",""star"",""cup""]"
puv87vfsj5s,1378.0,,,0,,,,,
puv87vfsj5s,2052.0,math_distractor_instrumental,True,2,,,,,
puv87vfsj5s,2909.0,math_distractor_instrumental,True,3,,,,,
puv87vfsj5s,2695.0,math_distractor_instrumental,True,3,,,,,
puv87vfsj5s,2492.0,math_distractor_instrumental,True,0,,,,,
puv87vfsj5s,3542.0,math_distractor_instrumental,True,3,,,,,
puv87vfsj5s,4439.0,ooo_distractor_instrumental,True,0,,,,,
puv87vfsj5s,3816.0,ooo_distractor_instrumental,True,1,,,,,
puv87vfsj5s,3093.0,ooo_distractor_instrumental,True,0,,,,,
puv87vfsj5s,3999.0,ooo_distractor_instrumental,True,1,,,,,
puv87vfsj5s,5093.0,ooo_distractor_instrumental,False,3,,,,,
puv87vfsj5s,34254.0,recall_instrumental,,"{""selected_answers"":[""phone"",""journal"",""radio"",""lamp"",""candle"",""towel"",""book""]}",0.5454545454545454,0.4,"[""towel""]",0.1428571428571428,"[""piano"",""harbor"",""road"",""mouse""]"
puv87vfsj5s,1497.0,,,0,,,,,
puv87vfsj5s,2014.0,math_distractor_silence,True,1,,,,,
puv87vfsj5s,6249.0,math_distractor_silence,True,2,,,,,
puv87vfsj5s,1484.0,math_distractor_silence,True,2,,,,,
puv87vfsj5s,3073.0,math_distractor_silence,True,0,,,,,
puv87vfsj5s,1791.0,math_distractor_silence,True,1,,,,,
puv87vfsj5s,2195.0,ooo_distractor_silence,True,2,,,,,
puv87vfsj5s,4427.0,ooo_distractor_silence,True,2,,,,,
puv87vfsj5s,3087.0,ooo_distractor_silence,True,1,,,,,
puv87vfsj5s,2715.0,ooo_distractor_silence,True,0,,,,,
puv87vfsj5s,1804.0,ooo_distractor_silence,True,2,,,,,
puv87vfsj5s,31401.0,recall_silence,,"{""selected_answers"":[""moon"",""flower"",""sun"",""pencil"",""stone""]}",0.5,0.5,[],0.0,"[""apple"",""house"",""bridge"",""forest"",""table""]"
puv87vfsj5s,4481.0,,,0,,,,,
puv87vfsj5s,121788.0,,,"{""reflect-study-mood"":10,""reflect-study-motivation"":8,""motivation_ranking"":[""Chill Instrumental"",""Silence"",""Upbeat Instrumental"",""Lyrical Music""],""reflect-listening-device"":""Over-ear headphones"",""reflect-device"":""Phone"",""reflect-music-familiarity"":""One of them"",""reflect-music-opinion"":""I liked it, but I wouldn't use it for studying"",""reflect-music-likes"":""I didn't like the techno music "",""reflect-difficulties"":""No"",""reflect-feedback"":""No""}",,,,,
poyd49myhw9,22814.0,,,0,,,,,
poyd49myhw9,87641.0,,,"{""baseline-race"":[""Hispanic, Latino, or Spanish Origin"",""White"",""Multiethnic"",""other""],""baseline-race-Comment"":""Basque"",""baseline-age"":21,""baseline-listen-frequency"":""Always"",""baseline-listening-device"":""Over-ear headphones"",""baseline-music-type"":[""Classical"",""Jazz"",""Lo-fi / Chillhop"",""Ambient / New Age"",""Pop"",""Rock"",""R&B / Soul"",""Hip-Hop / Rap"",""Electronic / EDM"",""Reggae"",""Latin / Reggaeton"",""K-Pop / J-Pop"",""Nature Sounds / White Noise"",""other""],""baseline-music-type-Comment"":""Everything, depends on what I’m currently liking"",""baseline-study-hours"":""2-3"",""baseline-study-location"":[""Home""],""baseline-study-motivation"":2}",,,,,
poyd49myhw9,11698.0,,,0,,,,,
poyd49myhw9,9114.0,math_distractor_upbeat_instrumental,True,1,,,,,
poyd49myhw9,6281.0,math_distractor_upbeat_instrumental,True,2,,,,,
poyd49myhw9,6316.0,math_distractor_upbeat_instrumental,True,0,,,,,
poyd49myhw9,581.0,math_distractor_upbeat_instrumental,False,0,,,,,
poyd49myhw9,3381.0,math_distractor_upbeat_instrumental,True,1,,,,,
poyd49myhw9,3450.0,ooo_distractor_upbeat_instrumental,True,1,,,,,
poyd49myhw9,2478.0,ooo_distractor_upbeat_instrumental,True,3,,,,,
poyd49myhw9,1912.0,ooo_distractor_upbeat_instrumental,True,0,,,,,
poyd49myhw9,2914.0,ooo_distractor_upbeat_instrumental,True,0,,,,,
poyd49myhw9,2196.0,ooo_distractor_upbeat_instrumental,True,0,,,,,
poyd49myhw9,11811.0,recall_upbeat_instrumental,,"{""selected_answers"":[""forest"",""house"",""chair"",""dog"",""flower"",""apple"",""pencil""]}",0.7,0.3,[],0.0,"[""bridge"",""stone"",""pathway""]"
poyd49myhw9,1967.0,,,0,,,,,
poyd49myhw9,5879.0,math_distractor_lyrical,True,2,,,,,
poyd49myhw9,6699.0,math_distractor_lyrical,True,2,,,,,
poyd49myhw9,2898.0,math_distractor_lyrical,True,3,,,,,
poyd49myhw9,3432.0,math_distractor_lyrical,True,1,,,,,
poyd49myhw9,7416.0,math_distractor_lyrical,True,2,,,,,
poyd49myhw9,4031.0,ooo_distractor_lyrical,True,2,,,,,
poyd49myhw9,3247.0,ooo_distractor_lyrical,True,0,,,,,
poyd49myhw9,3164.0,ooo_distractor_lyrical,True,0,,,,,
poyd49myhw9,2281.0,ooo_distractor_lyrical,True,3,,,,,
poyd49myhw9,2747.0,ooo_distractor_lyrical,True,1,,,,,
poyd49myhw9,8890.0,recall_lyrical,,"{""selected_answers"":[""blanket"",""guitar"",""ceiling"",""desert"",""stream""]}",0.3636363636363636,0.6,"[""blanket""]",0.2,"[""train"",""keyboard"",""star"",""hill"",""tree"",""door""]"
poyd49myhw9,3766.0,,,0,,,,,
poyd49myhw9,2400.0,math_distractor_instrumental,True,3,,,,,
poyd49myhw9,2598.0,math_distractor_instrumental,True,3,,,,,
poyd49myhw9,2616.0,math_distractor_instrumental,True,3,,,,,
poyd49myhw9,4099.0,math_distractor_instrumental,True,2,,,,,
poyd49myhw9,7018.0,math_distractor_instrumental,True,0,,,,,
poyd49myhw9,1789.0,ooo_distractor_instrumental,True,0,,,,,
poyd49myhw9,1796.0,ooo_distractor_instrumental,True,0,,,,,
poyd49myhw9,2297.0,ooo_distractor_instrumental,True,2,,,,,
poyd49myhw9,3011.0,ooo_distractor_instrumental,True,3,,,,,
poyd49myhw9,3070.0,ooo_distractor_instrumental,True,3,,,,,
poyd49myhw9,13424.0,recall_instrumental,,"{""selected_answers"":[""basket"",""meadow"",""glacier"",""whistle""]}",0.4,0.6,[],0.0,"[""lantern"",""planet"",""avenue"",""notebook"",""fountain"",""parade""]"
poyd49myhw9,1697.0,,,0,,,,,
poyd49myhw9,3660.0,math_distractor_silence,True,0,,,,,
poyd49myhw9,5548.0,math_distractor_silence,True,2,,,,,
poyd49myhw9,7150.0,math_distractor_silence,True,3,,,,,
poyd49myhw9,4365.0,math_distractor_silence,True,2,,,,,
poyd49myhw9,2715.0,math_distractor_silence,True,1,,,,,
poyd49myhw9,1939.0,ooo_distractor_silence,True,0,,,,,
poyd49myhw9,4298.0,ooo_distractor_silence,True,1,,,,,
poyd49myhw9,2370.0,ooo_distractor_silence,False,2,,,,,
poyd49myhw9,2647.0,ooo_distractor_silence,True,3,,,,,
poyd49myhw9,1913.0,ooo_distractor_silence,True,2,,,,,
poyd49myhw9,16539.0,recall_silence,,"{""selected_answers"":[""mirror"",""car"",""phone"",""harbor""]}",0.4,0.6,[],0.0,"[""book"",""ocean"",""lamp"",""piano"",""journal"",""candle""]"
poyd49myhw9,4328.0,,,0,,,,,
poyd49myhw9,81460.0,,,"{""reflect-study-mood"":10,""reflect-study-motivation"":8,""motivation_ranking"":[""Chill Instrumental"",""Upbeat Instrumental"",""Lyrical Music"",""Silence""],""reflect-listening-device"":""Speakers/Out loud"",""reflect-device"":""Phone"",""reflect-music-familiarity"":""Both of them"",""reflect-music-opinion"":""I liked it and would use it for studying"",""reflect-music-likes"":""Just the chill instrumental "",""reflect-difficulties"":""Nope"",""reflect-feedback"":""Loved it""}",,,,,
pdcrhjtz9ap,3343.0,,,0,,,,,
pdcrhjtz9ap,113676.0,,,"{""baseline-age"":21,""baseline-race"":[""Black or African American"",""White""],""baseline-listen-frequency"":""Often"",""baseline-listening-device"":""Over-ear headphones"",""baseline-music-type"":[""R&B / Soul"",""Rock"",""Pop"",""other""],""baseline-music-type-Comment"":""youtube video"",""baseline-study-hours"":""2-3"",""baseline-study-location"":[""Home""],""baseline-study-motivation"":8}",,,,,
pdcrhjtz9ap,29387.0,,,0,,,,,
pdcrhjtz9ap,12927.0,math_distractor_upbeat_instrumental,True,0,,,,,
pdcrhjtz9ap,13543.0,math_distractor_upbeat_instrumental,True,2,,,,,
pdcrhjtz9ap,2776.0,math_distractor_upbeat_instrumental,True,3,,,,,
pdcrhjtz9ap,8383.0,math_distractor_upbeat_instrumental,True,2,,,,,
pdcrhjtz9ap,10823.0,math_distractor_upbeat_instrumental,True,0,,,,,
pdcrhjtz9ap,2608.0,ooo_distractor_upbeat_instrumental,True,0,,,,,
pdcrhjtz9ap,2703.0,ooo_distractor_upbeat_instrumental,True,0,,,,,
pdcrhjtz9ap,2031.0,ooo_distractor_upbeat_instrumental,True,1,,,,,
pdcrhjtz9ap,1799.0,ooo_distractor_upbeat_instrumental,False,3,,,,,
pdcrhjtz9ap,2110.0,ooo_distractor_upbeat_instrumental,True,3,,,,,
pdcrhjtz9ap,15590.0,recall_upbeat_instrumental,,"{""selected_answers"":[""hill"",""keyboard"",""guitar"",""umbrella"",""computer"",""star""]}",0.4545454545454545,0.5,"[""umbrella""]",0.1666666666666666,"[""door"",""cup"",""stream"",""desert"",""desk""]"
pdcrhjtz9ap,3535.0,,,0,,,,,
pdcrhjtz9ap,2551.0,math_distractor_lyrical,True,3,,,,,
pdcrhjtz9ap,2983.0,math_distractor_lyrical,True,2,,,,,
pdcrhjtz9ap,4368.0,math_distractor_lyrical,True,3,,,,,
pdcrhjtz9ap,14623.0,math_distractor_lyrical,True,2,,,,,
pdcrhjtz9ap,10326.0,math_distractor_lyrical,True,2,,,,,
pdcrhjtz9ap,2545.0,ooo_distractor_lyrical,True,2,,,,,
pdcrhjtz9ap,1991.0,ooo_distractor_lyrical,True,0,,,,,
pdcrhjtz9ap,3127.0,ooo_distractor_lyrical,True,0,,,,,
pdcrhjtz9ap,2975.0,ooo_distractor_lyrical,True,2,,,,,
pdcrhjtz9ap,1712.0,ooo_distractor_lyrical,True,3,,,,,
pdcrhjtz9ap,18332.0,recall_lyrical,,"{""selected_answers"":[""ocean"",""valley"",""phone"",""piano"",""lamp""]}",0.5,0.5,[],0.0,"[""journal"",""radio"",""mirror"",""mouse"",""book""]"
pdcrhjtz9ap,1411.0,,,0,,,,,
pdcrhjtz9ap,8670.0,math_distractor_silence,True,2,,,,,
pdcrhjtz9ap,7728.0,math_distractor_silence,True,1,,,,,
pdcrhjtz9ap,4287.0,math_distractor_silence,True,0,,,,,
pdcrhjtz9ap,6224.0,math_distractor_silence,True,3,,,,,
pdcrhjtz9ap,7119.0,math_distractor_silence,True,1,,,,,
pdcrhjtz9ap,2479.0,ooo_distractor_silence,True,1,,,,,
pdcrhjtz9ap,1838.0,ooo_distractor_silence,True,1,,,,,
pdcrhjtz9ap,6472.0,ooo_distractor_silence,True,2,,,,,
pdcrhjtz9ap,2935.0,ooo_distractor_silence,True,3,,,,,
pdcrhjtz9ap,1615.0,ooo_distractor_silence,True,2,,,,,
pdcrhjtz9ap,9951.0,recall_silence,,"{""selected_answers"":[""forest"",""chair"",""sun"",""pathway"",""river"",""ruler""]}",0.4545454545454545,0.5,"[""ruler""]",0.1666666666666666,"[""stone"",""dog"",""table"",""apple"",""flower""]"
pdcrhjtz9ap,2946.0,,,0,,,,,
pdcrhjtz9ap,11198.0,math_distractor_instrumental,True,1,,,,,
pdcrhjtz9ap,12679.0,math_distractor_instrumental,True,1,,,,,
pdcrhjtz9ap,7935.0,math_distractor_instrumental,True,3,,,,,
pdcrhjtz9ap,7391.0,math_distractor_instrumental,True,3,,,,,
pdcrhjtz9ap,6560.0,math_distractor_instrumental,True,2,,,,,
pdcrhjtz9ap,1407.0,ooo_distractor_instrumental,True,1,,,,,
pdcrhjtz9ap,3742.0,ooo_distractor_instrumental,True,2,,,,,
pdcrhjtz9ap,2744.0,ooo_distractor_instrumental,True,1,,,,,
pdcrhjtz9ap,2358.0,ooo_distractor_instrumental,True,0,,,,,
pdcrhjtz9ap,1470.0,ooo_distractor_instrumental,True,3,,,,,
pdcrhjtz9ap,9529.0,recall_instrumental,,"{""selected_answers"":[""saddle"",""lantern"",""lighthouse"",""meadow""]}",0.2727272727272727,0.7,"[""lighthouse""]",0.25,"[""parade"",""canvas"",""avenue"",""notebook"",""tower"",""whistle"",""planet""]"
pdcrhjtz9ap,1971.0,,,0,,,,,
pdcrhjtz9ap,90906.0,,,"{""reflect-study-mood"":8,""reflect-study-motivation"":8,""motivation_ranking"":[""Lyrical Music"",""Upbeat Instrumental"",""Chill Instrumental"",""Silence""],""reflect-device"":""Laptop"",""reflect-listening-device"":""Over-ear headphones"",""reflect-music-familiarity"":""Neither"",""reflect-music-opinion"":""I liked it, but I wouldn't use it for studying"",""reflect-music-likes"":""idk i didn't dislike the music so imma say the vocal one\n"",""reflect-difficulties"":""no"",""reflect-feedback"":""no""}",,,,,
pu2ott0zun5,19992.0,,,0,,,,,
pu2ott0zun5,53547.0,,,"{""baseline-age"":21,""baseline-race"":[""White""],""baseline-listen-frequency"":""Often"",""baseline-listening-device"":""Over-ear headphones"",""baseline-music-type"":[""Lo-fi / Chillhop"",""Rock"",""Hip-Hop / Rap"",""Electronic / EDM"",""Pop""],""baseline-study-hours"":""6-7"",""baseline-study-location"":[""Home""],""baseline-study-motivation"":5}",,,,,
pu2ott0zun5,3171.0,,,0,,,,,
pu2ott0zun5,9718.0,math_distractor_upbeat_instrumental,True,1,,,,,
pu2ott0zun5,2164.0,math_distractor_upbeat_instrumental,True,2,,,,,
pu2ott0zun5,4631.0,math_distractor_upbeat_instrumental,True,1,,,,,
pu2ott0zun5,3564.0,math_distractor_upbeat_instrumental,True,2,,,,,
pu2ott0zun5,5098.0,math_distractor_upbeat_instrumental,True,2,,,,,
pu2ott0zun5,2549.0,ooo_distractor_upbeat_instrumental,True,0,,,,,
pu2ott0zun5,3511.0,ooo_distractor_upbeat_instrumental,True,3,,,,,
pu2ott0zun5,2014.0,ooo_distractor_upbeat_instrumental,True,2,,,,,
pu2ott0zun5,2681.0,ooo_distractor_upbeat_instrumental,True,0,,,,,
pu2ott0zun5,3347.0,ooo_distractor_upbeat_instrumental,True,0,,,,,
pu2ott0zun5,16833.0,recall_upbeat_instrumental,,"{""selected_answers"":[""whistle"",""meadow"",""tower"",""glacier"",""riverbank"",""canvas"",""blanket""]}",0.5454545454545454,0.4,"[""blanket""]",0.1428571428571428,"[""notebook"",""parade"",""avenue"",""statue""]"
pu2ott0zun5,3532.0,,,0,,,,,
pu2ott0zun5,9263.0,math_distractor_instrumental,True,3,,,,,
pu2ott0zun5,2331.0,math_distractor_instrumental,True,3,,,,,
pu2ott0zun5,5715.0,math_distractor_instrumental,True,3,,,,,
pu2ott0zun5,12266.0,math_distractor_instrumental,True,2,,,,,
pu2ott0zun5,2399.0,math_distractor_instrumental,True,3,,,,,
pu2ott0zun5,2829.0,ooo_distractor_instrumental,True,2,,,,,
pu2ott0zun5,5116.0,ooo_distractor_instrumental,True,1,,,,,
pu2ott0zun5,2381.0,ooo_distractor_instrumental,True,3,,,,,
pu2ott0zun5,1630.0,ooo_distractor_instrumental,True,2,,,,,
pu2ott0zun5,2014.0,ooo_distractor_instrumental,True,2,,,,,
pu2ott0zun5,23840.0,recall_instrumental,,"{""selected_answers"":[""tree"",""ceiling"",""star"",""window"",""door"",""desk""]}",0.6,0.4,[],0.0,"[""cup"",""guitar"",""stream"",""computer""]"
pu2ott0zun5,1550.0,,,0,,,,,
pu2ott0zun5,2209.0,math_distractor_silence,True,2,,,,,
pu2ott0zun5,2586.0,math_distractor_silence,True,2,,,,,
pu2ott0zun5,3627.0,math_distractor_silence,True,1,,,,,
pu2ott0zun5,2664.0,math_distractor_silence,True,0,,,,,
pu2ott0zun5,4867.0,math_distractor_silence,True,3,,,,,
pu2ott0zun5,3364.0,ooo_distractor_silence,True,1,,,,,
pu2ott0zun5,1746.0,ooo_distractor_silence,True,2,,,,,
pu2ott0zun5,2098.0,ooo_distractor_silence,True,0,,,,,
pu2ott0zun5,2597.0,ooo_distractor_silence,True,3,,,,,
pu2ott0zun5,2296.0,ooo_distractor_silence,True,0,,,,,
pu2ott0zun5,13900.0,recall_silence,,"{""selected_answers"":[""moon"",""chair"",""apple"",""table""]}",0.4,0.6,[],0.0,"[""dog"",""pathway"",""pencil"",""sun"",""house"",""river""]"
pu2ott0zun5,1517.0,,,0,,,,,
pu2ott0zun5,7494.0,math_distractor_lyrical,True,0,,,,,
pu2ott0zun5,10582.0,math_distractor_lyrical,True,2,,,,,
pu2ott0zun5,2048.0,math_distractor_lyrical,True,1,,,,,
pu2ott0zun5,2248.0,math_distractor_lyrical,True,0,,,,,
pu2ott0zun5,1998.0,math_distractor_lyrical,True,3,,,,,
pu2ott0zun5,2314.0,ooo_distractor_lyrical,True,1,,,,,
pu2ott0zun5,1998.0,ooo_distractor_lyrical,True,0,,,,,
pu2ott0zun5,5364.0,ooo_distractor_lyrical,True,2,,,,,
pu2ott0zun5,4830.0,ooo_distractor_lyrical,False,3,,,,,
pu2ott0zun5,4498.0,ooo_distractor_lyrical,True,0,,,,,
pu2ott0zun5,13432.0,recall_lyrical,,"{""selected_answers"":[""book"",""candle"",""piano""]}",0.3,0.7,[],0.0,"[""road"",""harbor"",""car"",""mountain"",""ocean"",""lamp"",""valley""]"
pu2ott0zun5,4151.0,,,0,,,,,
pu2ott0zun5,78162.0,,,"{""reflect-study-mood"":8,""reflect-study-motivation"":5,""motivation_ranking"":[""Chill Instrumental"",""Lyrical Music"",""Upbeat Instrumental"",""Silence""],""reflect-listening-device"":""Earbuds"",""reflect-device"":""Phone"",""reflect-music-familiarity"":""One of them"",""reflect-music-opinion"":""I liked it, but I wouldn't use it for studying"",""reflect-music-likes"":""Chill instrumental "",""reflect-difficulties"":null,""reflect-feedback"":null}",,,,,
pd4c9boljm3,11058.0,,,0,,,,,
pd4c9boljm3,84270.0,,,"{""baseline-age"":18,""baseline-race"":[""Hispanic, Latino, or Spanish Origin""],""baseline-listen-frequency"":""Always"",""baseline-listening-device"":""Over-ear headphones"",""baseline-music-type"":[""R&B / Soul"",""Latin / Reggaeton"",""Nature Sounds / White Noise"",""Reggae"",""Pop""],""baseline-study-hours"":""4-5"",""baseline-study-location"":[""Coffee shop"",""Home""],""baseline-study-motivation"":7}",,,,,
pd4c9boljm3,32273.0,,,0,,,,,
pd4c9boljm3,5063.0,math_distractor_silence,False,0,,,,,
pd4c9boljm3,2676.0,math_distractor_silence,True,3,,,,,
pd4c9boljm3,2826.0,math_distractor_silence,True,1,,,,,
pd4c9boljm3,2486.0,math_distractor_silence,True,3,,,,,
pd4c9boljm3,2573.0,math_distractor_silence,True,2,,,,,
pd4c9boljm3,4240.0,ooo_distractor_silence,True,1,,,,,
pd4c9boljm3,2145.0,ooo_distractor_silence,True,3,,,,,
pd4c9boljm3,3056.0,ooo_distractor_silence,False,2,,,,,
pd4c9boljm3,15817.0,ooo_distractor_silence,True,0,,,,,
pd4c9boljm3,5783.0,ooo_distractor_silence,True,2,,,,,
pd4c9boljm3,42376.0,recall_silence,,"{""selected_answers"":[""candle"",""radio"",""valley"",""violin""]}",0.2727272727272727,0.7,"[""violin""]",0.25,"[""mountain"",""piano"",""mirror"",""ocean"",""harbor"",""journal"",""lamp""]"
pd4c9boljm3,4318.0,,,0,,,,,
pd4c9boljm3,2760.0,math_distractor_instrumental,True,3,,,,,
pd4c9boljm3,2445.0,math_distractor_instrumental,True,3,,,,,
pd4c9boljm3,2741.0,math_distractor_instrumental,False,2,,,,,
pd4c9boljm3,1617.0,math_distractor_instrumental,True,2,,,,,
pd4c9boljm3,5237.0,math_distractor_instrumental,True,1,,,,,
pd4c9boljm3,3663.0,ooo_distractor_instrumental,True,2,,,,,
pd4c9boljm3,2231.0,ooo_distractor_instrumental,True,2,,,,,
pd4c9boljm3,2201.0,ooo_distractor_instrumental,True,0,,,,,
pd4c9boljm3,2271.0,ooo_distractor_instrumental,True,2,,,,,
pd4c9boljm3,4453.0,ooo_distractor_instrumental,True,0,,,,,
pd4c9boljm3,27668.0,recall_instrumental,,"{""selected_answers"":[""apple"",""river"",""flower"",""bridge"",""forest""]}",0.5,0.5,[],0.0,"[""chair"",""moon"",""pencil"",""pathway"",""cloud""]"
pd4c9boljm3,5071.0,,,0,,,,,
pd4c9boljm3,3419.0,math_distractor_upbeat_instrumental,True,0,,,,,
pd4c9boljm3,6892.0,math_distractor_upbeat_instrumental,True,2,,,,,
pd4c9boljm3,2026.0,math_distractor_upbeat_instrumental,True,2,,,,,
pd4c9boljm3,7154.0,math_distractor_upbeat_instrumental,True,3,,,,,
pd4c9boljm3,2853.0,math_distractor_upbeat_instrumental,True,0,,,,,
pd4c9boljm3,2605.0,ooo_distractor_upbeat_instrumental,True,0,,,,,
pd4c9boljm3,4431.0,ooo_distractor_upbeat_instrumental,True,0,,,,,
pd4c9boljm3,1932.0,ooo_distractor_upbeat_instrumental,True,1,,,,,
pd4c9boljm3,7021.0,ooo_distractor_upbeat_instrumental,True,1,,,,,
pd4c9boljm3,3302.0,ooo_distractor_upbeat_instrumental,True,2,,,,,
pd4c9boljm3,22797.0,recall_upbeat_instrumental,,"{""selected_answers"":[""whistle"",""statue"",""canvas"",""parade"",""riverbank"",""meadow""]}",0.6,0.4,[],0.0,"[""avenue"",""notebook"",""basket"",""fountain""]"
pd4c9boljm3,15712.0,,,0,,,,,
pd4c9boljm3,7044.0,math_distractor_lyrical,True,3,,,,,
pd4c9boljm3,2701.0,math_distractor_lyrical,True,2,,,,,
pd4c9boljm3,3912.0,math_distractor_lyrical,True,1,,,,,
pd4c9boljm3,2034.0,math_distractor_lyrical,True,1,,,,,
pd4c9boljm3,15750.0,math_distractor_lyrical,True,2,,,,,
pd4c9boljm3,1732.0,ooo_distractor_lyrical,True,2,,,,,
pd4c9boljm3,1892.0,ooo_distractor_lyrical,True,3,,,,,
pd4c9boljm3,1677.0,ooo_distractor_lyrical,True,0,,,,,
pd4c9boljm3,4903.0,ooo_distractor_lyrical,True,2,,,,,
pd4c9boljm3,3609.0,ooo_distractor_lyrical,True,3,,,,,
pd4c9boljm3,24793.0,recall_lyrical,,"{""selected_answers"":[""horizon"",""keyboard"",""door"",""shadow""]}",0.2727272727272727,0.7,"[""shadow""]",0.25,"[""desert"",""desk"",""stream"",""train"",""tree"",""guitar"",""hill""]"
pd4c9boljm3,14933.0,,,0,,,,,
pd4c9boljm3,86079.0,,,"{""reflect-study-mood"":10,""reflect-study-motivation"":9,""motivation_ranking"":[""Upbeat Instrumental"",""Chill Instrumental"",""Lyrical Music"",""Silence""],""reflect-listening-device"":""Speakers/Out loud"",""reflect-device"":""Laptop"",""reflect-music-familiarity"":""Both of them"",""reflect-music-opinion"":""I liked it and would use it for studying"",""reflect-music-likes"":""I liked both tracks."",""reflect-difficulties"":""N/A"",""reflect-feedback"":""N/A""}",,,,,
pubjtuynly5,7550.0,,,0,,,,,
pubjtuynly5,56295.0,,,"{""baseline-age"":20,""baseline-race"":[""Hispanic, Latino, or Spanish Origin""],""baseline-listen-frequency"":""Often"",""baseline-listening-device"":""Earbuds"",""baseline-music-type"":[""Lo-fi / Chillhop"",""Pop"",""R&B / Soul"",""Hip-Hop / Rap"",""Reggae"",""Latin / Reggaeton"",""K-Pop / J-Pop"",""Podcasts / Spoken Word""],""baseline-study-hours"":""2-3"",""baseline-study-location"":[""Home"",""Library""],""baseline-study-motivation"":7}",,,,,
pubjtuynly5,13612.0,,,0,,,,,
pubjtuynly5,2954.0,math_distractor_silence,True,2,,,,,
pubjtuynly5,1734.0,math_distractor_silence,True,3,,,,,
pubjtuynly5,1442.0,math_distractor_silence,True,1,,,,,
pubjtuynly5,1535.0,math_distractor_silence,True,2,,,,,
pubjtuynly5,1379.0,math_distractor_silence,True,2,,,,,
pubjtuynly5,2866.0,ooo_distractor_silence,True,0,,,,,
pubjtuynly5,1933.0,ooo_distractor_silence,True,0,,,,,
pubjtuynly5,3773.0,ooo_distractor_silence,True,2,,,,,
pubjtuynly5,5095.0,ooo_distractor_silence,True,0,,,,,
pubjtuynly5,2929.0,ooo_distractor_silence,True,3,,,,,
pubjtuynly5,41624.0,recall_silence,,"{""selected_answers"":[""glacier"",""statue"",""canvas"",""lantern"",""avenue"",""notebook"",""basket"",""riverbank"",""marker"",""clipboard""]}",0.6666666666666666,0.2,"[""marker"",""clipboard""]",0.2,"[""parade"",""whistle""]"
pubjtuynly5,2607.0,,,0,,,,,
pubjtuynly5,2923.0,math_distractor_lyrical,True,2,,,,,
pubjtuynly5,3113.0,math_distractor_lyrical,True,1,,,,,
pubjtuynly5,7658.0,math_distractor_lyrical,True,2,,,,,
pubjtuynly5,3064.0,math_distractor_lyrical,True,3,,,,,
pubjtuynly5,4012.0,math_distractor_lyrical,True,3,,,,,
pubjtuynly5,1854.0,ooo_distractor_lyrical,True,1,,,,,
pubjtuynly5,1647.0,ooo_distractor_lyrical,True,2,,,,,
pubjtuynly5,1839.0,ooo_distractor_lyrical,True,0,,,,,
pubjtuynly5,1843.0,ooo_distractor_lyrical,True,3,,,,,
pubjtuynly5,2583.0,ooo_distractor_lyrical,True,0,,,,,
pubjtuynly5,30705.0,recall_lyrical,,"{""selected_answers"":[""mouse"",""candle"",""mirror"",""car"",""journal"",""marble"",""book""]}",0.5454545454545454,0.4,"[""marble""]",0.1428571428571428,"[""mountain"",""radio"",""road"",""valley""]"
pubjtuynly5,1828.0,,,0,,,,,
pubjtuynly5,2156.0,math_distractor_upbeat_instrumental,True,1,,,,,
pubjtuynly5,1402.0,math_distractor_upbeat_instrumental,True,3,,,,,
pubjtuynly5,1552.0,math_distractor_upbeat_instrumental,False,2,,,,,
pubjtuynly5,4697.0,math_distractor_upbeat_instrumental,True,0,,,,,
pubjtuynly5,1472.0,math_distractor_upbeat_instrumental,True,2,,,,,
pubjtuynly5,3227.0,ooo_distractor_upbeat_instrumental,False,1,,,,,
pubjtuynly5,7116.0,ooo_distractor_upbeat_instrumental,True,3,,,,,
pubjtuynly5,3050.0,ooo_distractor_upbeat_instrumental,True,2,,,,,
pubjtuynly5,2116.0,ooo_distractor_upbeat_instrumental,True,3,,,,,
pubjtuynly5,2161.0,ooo_distractor_upbeat_instrumental,True,3,,,,,
pubjtuynly5,27872.0,recall_upbeat_instrumental,,"{""selected_answers"":[""desert"",""ceiling"",""hill"",""keyboard"",""stream"",""window"",""tree""]}",0.7,0.3,[],0.0,"[""horizon"",""desk"",""cup""]"
pubjtuynly5,1756.0,,,0,,,,,
pubjtuynly5,31638.0,math_distractor_instrumental,True,1,,,,,
pubjtuynly5,4935.0,math_distractor_instrumental,True,2,,,,,
pubjtuynly5,15010.0,math_distractor_instrumental,True,3,,,,,
pubjtuynly5,1682.0,math_distractor_instrumental,True,3,,,,,
pubjtuynly5,2079.0,math_distractor_instrumental,True,0,,,,,
pubjtuynly5,4585.0,ooo_distractor_instrumental,True,3,,,,,
pubjtuynly5,1711.0,ooo_distractor_instrumental,True,3,,,,,
pubjtuynly5,3475.0,ooo_distractor_instrumental,True,2,,,,,
pubjtuynly5,3121.0,ooo_distractor_instrumental,True,1,,,,,
pubjtuynly5,2997.0,ooo_distractor_instrumental,True,1,,,,,
pubjtuynly5,26086.0,recall_instrumental,,"{""selected_answers"":[""table"",""moon"",""apple"",""pencil""]}",0.4,0.6,[],0.0,"[""chair"",""sun"",""river"",""dog"",""flower"",""pathway""]"
pubjtuynly5,4226.0,,,0,,,,,
pubjtuynly5,74144.0,,,"{""reflect-study-mood"":8,""reflect-study-motivation"":8,""motivation_ranking"":[""Chill Instrumental"",""Lyrical Music"",""Upbeat Instrumental"",""Silence""],""reflect-listening-device"":""Speakers/Out loud"",""reflect-device"":""Laptop"",""reflect-music-familiarity"":""Both of them"",""reflect-music-opinion"":""I liked it and would use it for studying"",""reflect-music-likes"":""I liked the tracks used for chill/lofi and the pop song."",""reflect-difficulties"":""N/A"",""reflect-feedback"":""N/A""}",,,,,
pq78kx418s8,3401.0,,,0,,,,,
pq78kx418s8,68643.0,,,"{""baseline-age"":21,""baseline-race"":[""Asian"",""Hispanic, Latino, or Spanish Origin"",""Multiethnic""],""baseline-listen-frequency"":""Sometimes"",""baseline-listening-device"":""Over-ear headphones"",""baseline-music-type"":[""Classical"",""Latin / Reggaeton"",""Nature Sounds / White Noise"",""other""],""baseline-music-type-Comment"":""Video Game Boss OSTs (example: Kirby, Hollow Knight) when I have a big deadline"",""baseline-study-hours"":""8-9"",""baseline-study-location"":[""Home"",""Library""],""baseline-study-motivation"":7}",,,,,
pq78kx418s8,48012.0,,,0,,,,,
pq78kx418s8,2628.0,math_distractor_upbeat_instrumental,True,2,,,,,
pq78kx418s8,2059.0,math_distractor_upbeat_instrumental,True,3,,,,,
pq78kx418s8,1422.0,math_distractor_upbeat_instrumental,True,2,,,,,
pq78kx418s8,2491.0,math_distractor_upbeat_instrumental,True,2,,,,,
pq78kx418s8,1664.0,math_distractor_upbeat_instrumental,True,1,,,,,
pq78kx418s8,2585.0,ooo_distractor_upbeat_instrumental,True,0,,,,,
pq78kx418s8,2505.0,ooo_distractor_upbeat_instrumental,True,0,,,,,
pq78kx418s8,3291.0,ooo_distractor_upbeat_instrumental,True,2,,,,,
pq78kx418s8,3241.0,ooo_distractor_upbeat_instrumental,True,2,,,,,
pq78kx418s8,1420.0,ooo_distractor_upbeat_instrumental,True,3,,,,,
pq78kx418s8,27925.0,recall_upbeat_instrumental,,"{""selected_answers"":[""horizon"",""stream"",""tree"",""train""]}",0.4,0.6,[],0.0,"[""desert"",""keyboard"",""star"",""desk"",""hill"",""guitar""]"
pq78kx418s8,30457.0,,,0,,,,,
pq78kx418s8,1715.0,math_distractor_silence,True,2,,,,,
pq78kx418s8,2877.0,math_distractor_silence,True,2,,,,,
pq78kx418s8,1616.0,math_distractor_silence,True,3,,,,,
pq78kx418s8,1268.0,math_distractor_silence,True,3,,,,,
pq78kx418s8,1494.0,math_distractor_silence,True,0,,,,,
pq78kx418s8,2012.0,ooo_distractor_silence,True,3,,,,,
pq78kx418s8,1413.0,ooo_distractor_silence,True,0,,,,,
pq78kx418s8,2473.0,ooo_distractor_silence,True,1,,,,,
pq78kx418s8,1737.0,ooo_distractor_silence,True,3,,,,,
pq78kx418s8,2410.0,ooo_distractor_silence,True,0,,,,,
pq78kx418s8,13782.0,recall_silence,,"{""selected_answers"":[""lamp"",""book"",""radio"",""candle"",""phone"",""piano"",""mouse"",""car"",""road""]}",0.9,0.1,[],0.0,"[""ocean""]"
pq78kx418s8,15374.0,,,0,,,,,
pq78kx418s8,1404.0,math_distractor_lyrical,True,1,,,,,
pq78kx418s8,1399.0,math_distractor_lyrical,True,0,,,,,
pq78kx418s8,3362.0,math_distractor_lyrical,True,3,,,,,
pq78kx418s8,1828.0,math_distractor_lyrical,False,0,,,,,
pq78kx418s8,1605.0,math_distractor_lyrical,True,0,,,,,
pq78kx418s8,1648.0,ooo_distractor_lyrical,True,2,,,,,
pq78kx418s8,2043.0,ooo_distractor_lyrical,False,0,,,,,
pq78kx418s8,2101.0,ooo_distractor_lyrical,True,3,,,,,
pq78kx418s8,1189.0,ooo_distractor_lyrical,True,3,,,,,
pq78kx418s8,2279.0,ooo_distractor_lyrical,True,0,,,,,
pq78kx418s8,20340.0,recall_lyrical,,"{""selected_answers"":[""statue"",""meadow"",""basket""]}",0.3,0.7,[],0.0,"[""canvas"",""saddle"",""fountain"",""glacier"",""lantern"",""notebook"",""riverbank""]"
pq78kx418s8,53521.0,,,0,,,,,
pq78kx418s8,8245.0,math_distractor_instrumental,False,3,,,,,
pq78kx418s8,1427.0,math_distractor_instrumental,True,3,,,,,
pq78kx418s8,3833.0,math_distractor_instrumental,True,1,,,,,
pq78kx418s8,5604.0,math_distractor_instrumental,True,1,,,,,
pq78kx418s8,1268.0,math_distractor_instrumental,True,2,,,,,
pq78kx418s8,1646.0,ooo_distractor_instrumental,True,3,,,,,
pq78kx418s8,2095.0,ooo_distractor_instrumental,True,0,,,,,
pq78kx418s8,985.0,ooo_distractor_instrumental,True,1,,,,,
pq78kx418s8,1487.0,ooo_distractor_instrumental,True,1,,,,,
pq78kx418s8,2386.0,ooo_distractor_instrumental,True,1,,,,,
pq78kx418s8,15070.0,recall_instrumental,,"{""selected_answers"":[""table"",""pencil"",""apple"",""ruler"",""breeze""]}",0.25,0.7,"[""ruler"",""breeze""]",0.4,"[""sun"",""cloud"",""dog"",""flower"",""moon"",""forest"",""pathway""]"
pq78kx418s8,2909.0,,,0,,,,,
pq78kx418s8,126145.0,,,"{""reflect-study-mood"":8,""reflect-study-motivation"":8,""motivation_ranking"":[""Silence"",""Upbeat Instrumental"",""Chill Instrumental"",""Lyrical Music""],""reflect-listening-device"":""Over-ear headphones"",""reflect-device"":""Laptop"",""reflect-music-familiarity"":""One of them"",""reflect-music-opinion"":""I liked it, but I wouldn't use it for studying"",""reflect-music-likes"":""The Upbeat Instrumental"",""reflect-difficulties"":null,""reflect-feedback"":null}",,,,,
ptr40uhsdof,1213.0,,,0,,,,,
ptr40uhsdof,47773.0,,,"{""baseline-age"":19,""baseline-race"":[""Asian"",""White""],""baseline-listen-frequency"":""Often"",""baseline-listening-device"":""Earbuds"",""baseline-music-type"":[""Classical"",""Jazz"",""Rock"",""K-Pop / J-Pop"",""Podcasts / Spoken Word"",""Pop""],""baseline-study-hours"":""2-3"",""baseline-study-location"":[""Home""],""baseline-study-motivation"":4}",,,,,
ptr40uhsdof,6746.0,,,0,,,,,
ptr40uhsdof,5076.0,math_distractor_lyrical,True,1,,,,,
ptr40uhsdof,1996.0,math_distractor_lyrical,True,2,,,,,
ptr40uhsdof,1532.0,math_distractor_lyrical,True,3,,,,,
ptr40uhsdof,1731.0,math_distractor_lyrical,True,2,,,,,
ptr40uhsdof,2080.0,math_distractor_lyrical,True,0,,,,,
ptr40uhsdof,2015.0,ooo_distractor_lyrical,True,2,,,,,
ptr40uhsdof,2013.0,ooo_distractor_lyrical,True,0,,,,,
ptr40uhsdof,2798.0,ooo_distractor_lyrical,True,2,,,,,
ptr40uhsdof,1548.0,ooo_distractor_lyrical,True,3,,,,,
ptr40uhsdof,1697.0,ooo_distractor_lyrical,True,0,,,,,
ptr40uhsdof,14631.0,recall_lyrical,,"{""selected_answers"":[""meadow"",""basket"",""canvas"",""riverbank"",""whistle""]}",0.5,0.5,[],0.0,"[""saddle"",""planet"",""tower"",""notebook"",""statue""]"
ptr40uhsdof,1925.0,,,0,,,,,
ptr40uhsdof,2873.0,math_distractor_instrumental,True,2,,,,,
ptr40uhsdof,3981.0,math_distractor_instrumental,True,2,,,,,
ptr40uhsdof,1748.0,math_distractor_instrumental,True,0,,,,,
ptr40uhsdof,1231.0,math_distractor_instrumental,True,2,,,,,
ptr40uhsdof,4349.0,math_distractor_instrumental,False,3,,,,,
ptr40uhsdof,2763.0,ooo_distractor_instrumental,False,3,,,,,
ptr40uhsdof,1781.0,ooo_distractor_instrumental,True,2,,,,,
ptr40uhsdof,3598.0,ooo_distractor_instrumental,False,3,,,,,
ptr40uhsdof,1546.0,ooo_distractor_instrumental,True,2,,,,,
ptr40uhsdof,1750.0,ooo_distractor_instrumental,True,0,,,,,
ptr40uhsdof,13485.0,recall_instrumental,,"{""selected_answers"":[""piano"",""candle"",""journal"",""valley"",""flashlight"",""radio"",""phone""]}",0.5454545454545454,0.4,"[""flashlight""]",0.1428571428571428,"[""mountain"",""ocean"",""road"",""mirror""]"
ptr40uhsdof,1410.0,,,0,,,,,
ptr40uhsdof,1579.0,math_distractor_silence,True,3,,,,,
ptr40uhsdof,2647.0,math_distractor_silence,True,0,,,,,
ptr40uhsdof,1213.0,math_distractor_silence,True,3,,,,,
ptr40uhsdof,5215.0,math_distractor_silence,True,2,,,,,
ptr40uhsdof,3331.0,math_distractor_silence,True,3,,,,,
ptr40uhsdof,2231.0,ooo_distractor_silence,True,0,,,,,
ptr40uhsdof,2047.0,ooo_distractor_silence,True,3,,,,,
ptr40uhsdof,1381.0,ooo_distractor_silence,True,2,,,,,
ptr40uhsdof,1880.0,ooo_distractor_silence,True,3,,,,,
ptr40uhsdof,2200.0,ooo_distractor_silence,True,0,,,,,
ptr40uhsdof,16828.0,recall_silence,,"{""selected_answers"":[""apple"",""forest"",""bridge"",""river"",""sun"",""dog"",""chair""]}",0.7,0.3,[],0.0,"[""house"",""flower"",""cloud""]"
ptr40uhsdof,1121.0,,,0,,,,,
ptr40uhsdof,2784.0,math_distractor_upbeat_instrumental,True,1,,,,,
ptr40uhsdof,3547.0,math_distractor_upbeat_instrumental,True,3,,,,,
ptr40uhsdof,2431.0,math_distractor_upbeat_instrumental,True,3,,,,,
ptr40uhsdof,2748.0,math_distractor_upbeat_instrumental,True,1,,,,,
ptr40uhsdof,930.0,math_distractor_upbeat_instrumental,True,1,,,,,
ptr40uhsdof,2780.0,ooo_distractor_upbeat_instrumental,True,0,,,,,
ptr40uhsdof,1801.0,ooo_distractor_upbeat_instrumental,True,2,,,,,
ptr40uhsdof,1399.0,ooo_distractor_upbeat_instrumental,True,1,,,,,
ptr40uhsdof,1496.0,ooo_distractor_upbeat_instrumental,True,2,,,,,
ptr40uhsdof,1618.0,ooo_distractor_upbeat_instrumental,True,0,,,,,
ptr40uhsdof,18156.0,recall_upbeat_instrumental,,"{""selected_answers"":[""keyboard"",""computer"",""desert"",""window"",""tree""]}",0.5,0.5,[],0.0,"[""star"",""cup"",""ceiling"",""train"",""desk""]"
ptr40uhsdof,7171.0,,,0,,,,,
ptr40uhsdof,93851.0,,,"{""reflect-study-mood"":8,""reflect-study-motivation"":6,""motivation_ranking"":[""Silence"",""Chill Instrumental"",""Upbeat Instrumental"",""Lyrical Music""],""reflect-listening-device"":""Earbuds"",""reflect-device"":""Laptop"",""reflect-music-familiarity"":""Neither"",""reflect-music-opinion"":""I liked it, but I wouldn't use it for studying"",""reflect-music-likes"":""I enjoyed the songs, but it definitely made it harder to focus, I feel like the less stimulating the song, the more I can focus on the work"",""reflect-difficulties"":""No"",""reflect-feedback"":""Very well done, I am very interested in my performance and the findings of this study!""}",,,,,
